"Date","Species","Area","meanITD"
1900,"B.hortorum","Belgium",5.42
1901,"B.pratorum","England",5.27333333333333
1902,"B.hortorum","England",5.42333333333333
1903,"B.hortorum","England",5.37
1903,"B.lapidarius","England",5.75666666666667
1906,"B.hortorum","England",5.4325
1906,"B.lapidarius","England",5.7575
1910,"B.pascuorum","Austria",5.14
1910,"B.pratorum","England",5.37875
1911,"B.lapidarius","Austria",6.33666666666667
1911,"B.pascuorum","Austria",5.25
1911,"B.pratorum","Austria",5.195
1912,"B.lapidarius","Austria",6.15
1912,"B.lapidarius","England",5.82666666666667
1912,"B.pascuorum","Austria",5.19
1913,"B.hortorum","England",5.67333333333333
1913,"B.lapidarius","Belgium",6.099
1913,"B.pascuorum","Belgium",5.015
1913,"B.pratorum","Belgium",5.16
1913,"B.pratorum","England",5.28666666666667
1914,"B.hortorum","Belgium",5.79
1914,"B.lapidarius","Belgium",6.22133333333333
1914,"B.lapidarius","England",5.62333333333333
1914,"B.pascuorum","Austria",5.2
1914,"B.pascuorum","Belgium",4.978
1914,"B.pascuorum","England",5.21
1914,"B.pratorum","Belgium",5.224
1915,"B.hortorum","Belgium",5.77444444444444
1915,"B.hortorum","England",5.44333333333333
1915,"B.lapidarius","Austria",6.34
1915,"B.lapidarius","Belgium",6.02666666666667
1915,"B.pascuorum","Belgium",4.954
1915,"B.pascuorum","England",5.1425
1915,"B.pratorum","Austria",5.2
1915,"B.pratorum","Belgium",5.424
1916,"B.hortorum","Belgium",5.51083333333333
1916,"B.lapidarius","Belgium",6.13
1916,"B.pascuorum","Austria",5.42
1916,"B.pascuorum","Belgium",5.088
1916,"B.pratorum","Belgium",4.92
1916,"B.pratorum","England",5.43666666666667
1917,"B.hortorum","Belgium",5.21333333333333
1917,"B.lapidarius","Belgium",6.01125
1917,"B.pascuorum","Belgium",4.834
1917,"B.pratorum","Belgium",5.202
1917,"B.pratorum","England",5.41
1918,"B.hortorum","Belgium",5.64142857142857
1918,"B.lapidarius","Austria",6.44
1918,"B.lapidarius","Belgium",6.04
1918,"B.pascuorum","Belgium",4.924
1918,"B.pascuorum","England",5.18333333333333
1919,"B.hortorum","Belgium",5.744
1919,"B.hortorum","England",5.26428571428571
1919,"B.lapidarius","Belgium",6.15111111111111
1919,"B.lapidarius","England",5.95857142857143
1919,"B.pascuorum","Austria",5.125
1919,"B.pascuorum","Belgium",5.088
1919,"B.pratorum","England",5.43666666666667
1920,"B.hortorum","Belgium",5.93875
1920,"B.lapidarius","Austria",6.20333333333333
1920,"B.lapidarius","Belgium",5.96090909090909
1920,"B.lapidarius","England",5.88666666666667
1920,"B.pascuorum","Belgium",5.094
1920,"B.pascuorum","England",5.08333333333333
1920,"B.pratorum","Belgium",5.2975
1921,"B.hortorum","Belgium",5.4325
1921,"B.hortorum","England",5.40333333333333
1921,"B.lapidarius","Austria",5.895
1921,"B.lapidarius","England",5.976
1921,"B.pascuorum","Austria",5.01
1921,"B.pascuorum","Belgium",5.122
1921,"B.pascuorum","England",5.23
1921,"B.pratorum","Belgium",5.16875
1921,"B.pratorum","England",5.44666666666667
1922,"B.hortorum","England",5.51
1922,"B.lapidarius","England",5.94555555555556
1922,"B.pascuorum","Belgium",4.98666666666667
1922,"B.pascuorum","England",5.22666666666667
1922,"B.pratorum","Austria",5.27666666666667
1922,"B.pratorum","England",5.45
1923,"B.hortorum","Belgium",5.72
1923,"B.lapidarius","Belgium",6.255
1923,"B.pascuorum","Belgium",4.85
1923,"B.pascuorum","England",5.17727272727273
1923,"B.pratorum","England",5.37
1924,"B.hortorum","England",5.52333333333333
1924,"B.lapidarius","Austria",6.38
1924,"B.lapidarius","England",6.05333333333333
1924,"B.pascuorum","Austria",5.12
1924,"B.pascuorum","Belgium",4.975
1924,"B.pascuorum","England",5.225
1924,"B.pratorum","Austria",5.135
1924,"B.pratorum","England",5.37
1925,"B.hortorum","Austria",5.90333333333333
1925,"B.hortorum","Belgium",5.7025
1925,"B.lapidarius","Belgium",6.43
1925,"B.pascuorum","Belgium",5.085
1925,"B.pratorum","Belgium",5.25714285714286
1926,"B.hortorum","Austria",5.93
1926,"B.hortorum","Belgium",5.665
1926,"B.lapidarius","Austria",6.24
1926,"B.pascuorum","Austria",5.098
1926,"B.pascuorum","Belgium",5.01
1927,"B.hortorum","Austria",5.9
1927,"B.hortorum","England",5.53666666666667
1927,"B.pascuorum","Austria",5.13666666666667
1927,"B.pascuorum","Belgium",5.295
1927,"B.pratorum","Austria",5.27333333333333
1928,"B.hortorum","Austria",6.01
1928,"B.lapidarius","Austria",6.29714285714286
1928,"B.pascuorum","Austria",5.1825
1928,"B.pratorum","Austria",5.1475
1928,"B.pratorum","Belgium",5.292
1929,"B.hortorum","England",5.51666666666667
1929,"B.lapidarius","England",5.94
1929,"B.pascuorum","Austria",5.175
1929,"B.pascuorum","England",5.13666666666667
1929,"B.pratorum","England",5.36666666666667
1930,"B.hortorum","Austria",5.70333333333333
1930,"B.lapidarius","Austria",6.25333333333333
1930,"B.lapidarius","England",6.02333333333333
1930,"B.pascuorum","Austria",5.36333333333333
1930,"B.pascuorum","Belgium",5.21666666666667
1931,"B.hortorum","England",5.52333333333333
1931,"B.pratorum","England",5.54666666666667
1932,"B.hortorum","Austria",5.72666666666667
1932,"B.pascuorum","Austria",5.13333333333333
1932,"B.pratorum","Belgium",5.48666666666667
1933,"B.pascuorum","Austria",5.37
1933,"B.pratorum","Austria",5.24333333333333
1934,"B.hortorum","England",5.38
1934,"B.lapidarius","Austria",6.3925
1934,"B.lapidarius","England",5.96333333333333
1934,"B.pascuorum","Belgium",4.56666666666667
1934,"B.pascuorum","England",5.16666666666667
1935,"B.hortorum","Austria",5.984
1935,"B.lapidarius","Austria",6.33416666666667
1935,"B.pascuorum","Austria",5.073
1935,"B.pascuorum","England",5.16666666666667
1935,"B.pratorum","Austria",5.13
1935,"B.pratorum","England",5.39666666666667
1936,"B.hortorum","Austria",5.88333333333333
1936,"B.hortorum","England",5.67
1936,"B.lapidarius","Austria",6.246
1936,"B.lapidarius","England",6.08333333333333
1936,"B.pascuorum","Austria",5.248
1936,"B.pascuorum","Belgium",4.8325
1937,"B.hortorum","England",5.46
1937,"B.lapidarius","Austria",6.224
1937,"B.pascuorum","Austria",5.1325
1937,"B.pascuorum","Belgium",5.23
1937,"B.pratorum","Belgium",5.335
1938,"B.hortorum","Austria",5.75333333333333
1938,"B.hortorum","England",5.5775
1938,"B.lapidarius","Austria",6.422
1938,"B.lapidarius","England",5.81333333333333
1938,"B.pascuorum","Austria",5.17444444444444
1938,"B.pascuorum","England",5.16666666666667
1938,"B.pratorum","Belgium",5.35
1939,"B.hortorum","Austria",6.06
1939,"B.lapidarius","Austria",6.62
1939,"B.pascuorum","Belgium",4.8
1939,"B.pratorum","Austria",5.23
1940,"B.hortorum","England",5.49333333333333
1940,"B.lapidarius","England",6.036
1940,"B.pascuorum","England",5.25333333333333
1941,"B.hortorum","England",5.49333333333333
1941,"B.lapidarius","Austria",6.15333333333333
1941,"B.lapidarius","England",5.685
1941,"B.pascuorum","Austria",5.1925
1941,"B.pascuorum","Belgium",5.22
1941,"B.pascuorum","England",5.24333333333333
1941,"B.pratorum","Belgium",5.65
1941,"B.pratorum","England",5.4
1942,"B.lapidarius","Austria",6.325
1942,"B.lapidarius","England",5.73666666666667
1942,"B.pascuorum","Belgium",4.87
1942,"B.pascuorum","England",5.15
1942,"B.pratorum","Austria",5.08166666666667
1942,"B.pratorum","Belgium",5.454
1943,"B.hortorum","Austria",5.84333333333333
1943,"B.hortorum","England",5.68142857142857
1943,"B.lapidarius","Austria",6.21857142857143
1943,"B.lapidarius","England",5.92142857142857
1943,"B.pascuorum","Austria",5.32333333333333
1943,"B.pascuorum","Belgium",5.14
1943,"B.pascuorum","England",5.23333333333333
1943,"B.pratorum","Belgium",5.336
1944,"B.hortorum","Austria",6.02666666666667
1944,"B.hortorum","England",5.61
1944,"B.lapidarius","Austria",6.358
1944,"B.pascuorum","Austria",5.168
1944,"B.pascuorum","Belgium",5.42
1944,"B.pratorum","Austria",5.29666666666667
1944,"B.pratorum","Belgium",5.385
1945,"B.hortorum","Austria",5.86
1945,"B.hortorum","England",5.77
1945,"B.lapidarius","Austria",6.34666666666667
1945,"B.pascuorum","Austria",4.994
1945,"B.pascuorum","Belgium",4.975
1946,"B.lapidarius","Austria",6.15666666666667
1946,"B.pascuorum","Austria",5.2225
1946,"B.pascuorum","England",5.22
1946,"B.pratorum","Austria",5.35666666666667
1946,"B.pratorum","Belgium",5.41
1946,"B.pratorum","England",5.462
1947,"B.hortorum","Austria",6.025
1947,"B.lapidarius","England",5.87
1947,"B.pascuorum","Austria",5.25333333333333
1947,"B.pascuorum","Belgium",5.19
1947,"B.pratorum","Belgium",5.435
1947,"B.pratorum","England",5.45666666666667
1948,"B.hortorum","England",5.86
1948,"B.lapidarius","Austria",6.256
1948,"B.pascuorum","Belgium",5.23666666666667
1948,"B.pascuorum","England",5.2
1949,"B.hortorum","Austria",5.9825
1949,"B.hortorum","England",5.705
1949,"B.lapidarius","England",5.82666666666667
1949,"B.pratorum","Austria",5.11333333333333
1949,"B.pratorum","England",5.46666666666667
1950,"B.pascuorum","Belgium",4.944
1950,"B.pratorum","Belgium",5.203
1951,"B.lapidarius","Austria",6.37333333333333
1951,"B.pascuorum","Austria",5.3425
1951,"B.pratorum","Austria",5.41
1952,"B.hortorum","Austria",5.82
1952,"B.hortorum","England",5.67333333333333
1952,"B.lapidarius","Austria",6.22666666666667
1952,"B.lapidarius","Belgium",6.13666666666667
1952,"B.lapidarius","England",5.97333333333333
1952,"B.pascuorum","Austria",5.22333333333333
1952,"B.pratorum","Austria",5.31
1952,"B.pratorum","Belgium",5.26666666666667
1952,"B.pratorum","England",5.58
1953,"B.hortorum","Austria",5.85333333333333
1953,"B.hortorum","England",5.64
1953,"B.lapidarius","Austria",6.25142857142857
1953,"B.lapidarius","Belgium",6.42
1953,"B.pascuorum","Austria",5.35666666666667
1953,"B.pratorum","Austria",5.16
1953,"B.pratorum","England",5.41666666666667
1954,"B.hortorum","England",5.82666666666667
1954,"B.lapidarius","England",6.1575
1954,"B.pascuorum","Belgium",4.96
1954,"B.pascuorum","England",5.2425
1954,"B.pratorum","England",5.26
1955,"B.hortorum","Austria",5.96125
1955,"B.hortorum","England",5.745
1955,"B.lapidarius","Austria",6.24333333333333
1955,"B.lapidarius","Belgium",6.20666666666667
1955,"B.lapidarius","England",5.96333333333333
1955,"B.pratorum","England",5.4
1956,"B.lapidarius","Austria",6.18666666666667
1956,"B.pascuorum","England",5.272
1957,"B.hortorum","Austria",6.01333333333333
1957,"B.pascuorum","England",5.25
1957,"B.pratorum","Belgium",5.25666666666667
1957,"B.pratorum","England",5.50333333333333
1958,"B.hortorum","Austria",5.77625
1958,"B.hortorum","England",5.6875
1958,"B.lapidarius","England",5.875
1958,"B.pascuorum","Belgium",5.196
1959,"B.lapidarius","Austria",6.23333333333333
1959,"B.pratorum","Austria",5.47
1959,"B.pratorum","England",5.39
1960,"B.pascuorum","England",5.34666666666667
1960,"B.pratorum","England",5.39666666666667
1961,"B.lapidarius","Austria",6.04
1961,"B.lapidarius","England",5.884
1961,"B.pascuorum","Belgium",4.96666666666667
1961,"B.pratorum","England",5.43
1962,"B.hortorum","Austria",6.1
1962,"B.hortorum","England",5.62666666666667
1962,"B.pascuorum","England",5.26875
1963,"B.hortorum","England",5.70625
1963,"B.lapidarius","Belgium",6.21
1963,"B.lapidarius","England",5.93333333333333
1963,"B.pascuorum","Belgium",5.13833333333333
1963,"B.pascuorum","England",5.32666666666667
1963,"B.pratorum","Austria",5.305
1963,"B.pratorum","Belgium",5.30666666666667
1963,"B.pratorum","England",5.40666666666667
1964,"B.hortorum","England",5.495
1964,"B.lapidarius","Austria",6.18333333333333
1965,"B.hortorum","England",5.635
1965,"B.lapidarius","Austria",6.32333333333333
1965,"B.pascuorum","England",5.21666666666667
1966,"B.lapidarius","England",6.00333333333333
1966,"B.pratorum","Belgium",5.27666666666667
1966,"B.pratorum","England",5.48
1967,"B.hortorum","England",5.42
1967,"B.pascuorum","Belgium",5.23
1967,"B.pratorum","Austria",5.31333333333333
1967,"B.pratorum","England",5.44
1968,"B.hortorum","Austria",5.88333333333333
1968,"B.lapidarius","Austria",6.284
1968,"B.lapidarius","England",6.2925
1969,"B.hortorum","England",5.54333333333333
1969,"B.pascuorum","England",5.25
1970,"B.lapidarius","England",5.85333333333333
1970,"B.pascuorum","Belgium",5.11666666666667
1971,"B.lapidarius","Austria",5.79333333333333
1971,"B.lapidarius","Belgium",6
1971,"B.pascuorum","England",5.21
1972,"B.hortorum","England",5.762
1972,"B.pratorum","Austria",5.33333333333333
1972,"B.pratorum","Belgium",5.29
1972,"B.pratorum","England",5.455
1974,"B.hortorum","England",5.66
1974,"B.lapidarius","Belgium",6.22
1974,"B.pascuorum","England",5.25666666666667
1974,"B.pratorum","England",5.53
1975,"B.hortorum","England",5.41666666666667
1975,"B.lapidarius","England",5.98666666666667
1976,"B.hortorum","Austria",5.97
1976,"B.lapidarius","Austria",6.21333333333333
1976,"B.lapidarius","England",6.04
1976,"B.pascuorum","Austria",5.05333333333333
1976,"B.pratorum","Austria",5.21
1976,"B.pratorum","England",5.3675
1977,"B.hortorum","England",5.62
1977,"B.lapidarius","England",5.98
1977,"B.pascuorum","Austria",4.87666666666667
1977,"B.pascuorum","England",5.2425
1977,"B.pratorum","Belgium",5.24666666666667
1978,"B.hortorum","Austria",5.9025
1978,"B.hortorum","England",5.53
1978,"B.pascuorum","Austria",5.09666666666667
1978,"B.pratorum","Austria",5.216
1978,"B.pratorum","England",5.395
1979,"B.hortorum","Austria",6.085
1979,"B.lapidarius","Austria",6.30333333333333
1979,"B.lapidarius","Belgium",6.33333333333333
1979,"B.pascuorum","Belgium",5.17
1979,"B.pascuorum","England",5.25333333333333
1979,"B.pratorum","Austria",5.36333333333333
1980,"B.hortorum","Austria",5.86333333333333
1980,"B.lapidarius","Austria",6.08666666666667
1980,"B.pascuorum","England",5.26333333333333
1981,"B.hortorum","Belgium",5.77666666666667
1981,"B.lapidarius","Belgium",6.09
1981,"B.pascuorum","Austria",5.18666666666667
1981,"B.pratorum","Austria",5.19
1981,"B.pratorum","Belgium",5.59
1982,"B.hortorum","Austria",5.85333333333333
1982,"B.pascuorum","Austria",5.37
1982,"B.pratorum","Austria",5.342
1983,"B.hortorum","Austria",5.86
1983,"B.hortorum","England",5.40333333333333
1983,"B.lapidarius","Austria",6.2625
1983,"B.lapidarius","Belgium",6.07
1983,"B.pascuorum","Austria",5.11166666666667
1983,"B.pratorum","Austria",5.09666666666667
1984,"B.hortorum","Belgium",5.8
1984,"B.lapidarius","Austria",6.355
1984,"B.lapidarius","Belgium",6.108
1984,"B.pascuorum","Austria",5.12666666666667
1984,"B.pascuorum","Belgium",5.12666666666667
1984,"B.pratorum","Austria",5.11
1984,"B.pratorum","Belgium",5.47
1985,"B.hortorum","Austria",5.7225
1985,"B.hortorum","Belgium",5.71
1985,"B.lapidarius","Austria",6.335
1985,"B.lapidarius","England",5.95
1985,"B.pascuorum","Austria",5.36
1985,"B.pascuorum","Belgium",5.326
1985,"B.pratorum","Austria",5.122
1985,"B.pratorum","Belgium",5.38
1986,"B.hortorum","Belgium",5.876
1986,"B.lapidarius","Belgium",6.155
1986,"B.pascuorum","Austria",4.90666666666667
1986,"B.pascuorum","England",5.31666666666667
1986,"B.pratorum","Belgium",5.48375
1987,"B.hortorum","Belgium",5.85666666666667
1987,"B.hortorum","England",5.38333333333333
1987,"B.lapidarius","Belgium",6.163
1987,"B.pascuorum","Austria",5.075
1987,"B.pascuorum","Belgium",4.8
1987,"B.pratorum","Austria",5.04333333333333
1987,"B.pratorum","Belgium",5.45571428571429
1988,"B.hortorum","Belgium",5.863
1988,"B.lapidarius","Belgium",6.184
1988,"B.pascuorum","Belgium",5.305
1988,"B.pratorum","Belgium",5.34
1989,"B.hortorum","Belgium",5.774
1989,"B.lapidarius","Austria",6.32
1989,"B.lapidarius","Belgium",6.23777777777778
1989,"B.lapidarius","England",5.94666666666667
1989,"B.pascuorum","Austria",5.20666666666667
1989,"B.pascuorum","Belgium",5.175
1989,"B.pratorum","Austria",5.32333333333333
1989,"B.pratorum","Belgium",5.42333333333333
1990,"B.hortorum","Austria",5.73
1990,"B.hortorum","Belgium",5.81428571428571
1990,"B.lapidarius","Belgium",6.301
1990,"B.pascuorum","Austria",5.03333333333333
1990,"B.pascuorum","Belgium",5.5075
1990,"B.pratorum","Austria",5.37
1990,"B.pratorum","Belgium",5.56625
1991,"B.hortorum","Belgium",5.805
1991,"B.lapidarius","Belgium",6.24857142857143
1991,"B.pascuorum","Belgium",5.458
1991,"B.pratorum","Belgium",5.31625
1992,"B.hortorum","Austria",5.82333333333333
1992,"B.hortorum","Belgium",5.89428571428571
1992,"B.hortorum","England",5.6
1992,"B.lapidarius","Austria",6.29666666666667
1992,"B.lapidarius","Belgium",6.3925
1992,"B.pascuorum","Austria",5.40666666666667
1992,"B.pascuorum","Belgium",5.35666666666667
1992,"B.pascuorum","England",5.3
1992,"B.pratorum","Belgium",5.48
1993,"B.hortorum","Belgium",5.85454545454545
1993,"B.lapidarius","Belgium",6.337
1993,"B.lapidarius","England",6.075
1994,"B.hortorum","Belgium",5.894
1994,"B.lapidarius","Austria",5.87333333333333
1994,"B.lapidarius","Belgium",6.3175
1994,"B.lapidarius","England",6.15
1994,"B.pascuorum","Austria",5.26
1994,"B.pascuorum","Belgium",5.21
1994,"B.pratorum","Belgium",5.412
1995,"B.hortorum","Belgium",5.9425
1995,"B.lapidarius","Belgium",6.31142857142857
1995,"B.pascuorum","Belgium",5.4625
1995,"B.pratorum","Austria",5.36
1995,"B.pratorum","Belgium",5.11
1996,"B.hortorum","Belgium",6.042
1996,"B.lapidarius","Austria",6.18333333333333
1996,"B.lapidarius","Belgium",6.237
1996,"B.lapidarius","England",6.114
1996,"B.pratorum","Austria",5.27666666666667
1996,"B.pratorum","Belgium",5.39
1996,"B.pratorum","England",5.44
1997,"B.hortorum","England",5.74
1997,"B.lapidarius","Belgium",6.44
1997,"B.lapidarius","England",6.15
1997,"B.pascuorum","England",5.32333333333333
1998,"B.hortorum","England",5.57
1998,"B.lapidarius","England",6.18666666666667
1998,"B.pascuorum","England",5.305
1998,"B.pratorum","England",5.40333333333333
1999,"B.hortorum","England",5.496
1999,"B.pascuorum","Austria",5.19
1999,"B.pascuorum","Belgium",5.26
1999,"B.pascuorum","England",5.30625
1999,"B.pratorum","Belgium",5.238
2000,"B.hortorum","England",5.51666666666667
2000,"B.lapidarius","Belgium",6.02
2000,"B.pascuorum","Belgium",5.434
2000,"B.pratorum","Belgium",5.53
2000,"B.pratorum","England",5.43333333333333
2001,"B.hortorum","Austria",6.04333333333333
2001,"B.hortorum","Belgium",6.12
2001,"B.pascuorum","Austria",5.2325
2001,"B.pascuorum","England",5.33666666666667
2001,"B.pratorum","Austria",5.222
2001,"B.pratorum","England",5.40333333333333
2002,"B.hortorum","Belgium",5.76
2002,"B.lapidarius","Belgium",6.205
2002,"B.pascuorum","Austria",5.168
2002,"B.pratorum","Belgium",5.55
2002,"B.pratorum","England",5.42333333333333
2003,"B.hortorum","Austria",6.07
2003,"B.hortorum","Belgium",5.56
2003,"B.lapidarius","Austria",6.15
2003,"B.lapidarius","Belgium",6.26166666666667
2003,"B.pascuorum","Austria",5.26
2003,"B.pascuorum","England",5.36666666666667
2003,"B.pratorum","Austria",5.39
2003,"B.pratorum","Belgium",5.3475
2004,"B.hortorum","Austria",5.75666666666667
2004,"B.hortorum","England",5.69333333333333
2004,"B.lapidarius","Austria",6.25666666666667
2004,"B.lapidarius","Belgium",6.358
2004,"B.pratorum","Belgium",5.67
2005,"B.hortorum","Belgium",5.94
2005,"B.lapidarius","Belgium",6.255
2005,"B.pratorum","Belgium",5.37333333333333
2005,"B.pratorum","England",5.45
2006,"B.lapidarius","Belgium",6.21
2006,"B.pascuorum","Austria",5.08333333333333
2006,"B.pratorum","Belgium",5.85
2007,"B.hortorum","Belgium",6
2007,"B.lapidarius","Austria",6.26333333333333
2007,"B.lapidarius","Belgium",6.425
2007,"B.pascuorum","Austria",5.02
2007,"B.pascuorum","Belgium",5.336
2007,"B.pratorum","Belgium",5.21
2008,"B.hortorum","Belgium",6.1
2008,"B.lapidarius","Belgium",6.326
2008,"B.pascuorum","Austria",5.13666666666667
2008,"B.pratorum","Austria",5.24333333333333
2008,"B.pratorum","Belgium",5.5
2009,"B.hortorum","Belgium",6.025
2009,"B.lapidarius","Belgium",6.18666666666667
2009,"B.pascuorum","Austria",4.935
2009,"B.pascuorum","Belgium",5.13
2009,"B.pratorum","Belgium",5.498
2009,"B.pratorum","England",5.4
2010,"B.hortorum","Belgium",6.15
2010,"B.lapidarius","Belgium",6.45
2010,"B.pascuorum","Belgium",5.38
2011,"B.hortorum","Belgium",5.99
2011,"B.hortorum","England",5.60333333333333
2011,"B.lapidarius","Belgium",6.27571428571429
2011,"B.lapidarius","England",6.32333333333333
2011,"B.pascuorum","Austria",4.9
2011,"B.pascuorum","Belgium",5.38
2011,"B.pascuorum","England",5.37
2011,"B.pratorum","Belgium",5.44333333333333
2011,"B.pratorum","England",5.41333333333333
2012,"B.hortorum","Austria",5.84666666666667
2012,"B.hortorum","Belgium",5.89
2012,"B.lapidarius","Austria",6.29333333333333
2012,"B.lapidarius","Belgium",6.236
2012,"B.pascuorum","Austria",5.02666666666667
2012,"B.pascuorum","Belgium",5.408
2012,"B.pratorum","Belgium",5.23
2013,"B.hortorum","Austria",5.89
2013,"B.hortorum","Belgium",6.33
2013,"B.lapidarius","Belgium",6.16833333333333
2013,"B.pascuorum","Belgium",5.166
2013,"B.pratorum","Austria",5.15
2013,"B.pratorum","Belgium",5.34
2014,"B.hortorum","Austria",5.89
2014,"B.hortorum","Belgium",5.87666666666667
2014,"B.lapidarius","Austria",6.39
2014,"B.lapidarius","Belgium",6.248
2014,"B.pascuorum","Austria",5.11666666666667
2014,"B.pascuorum","Belgium",5.596
2014,"B.pratorum","Belgium",5.4
2015,"B.hortorum","Belgium",6.25
2015,"B.hortorum","England",5.57
2015,"B.lapidarius","Austria",6.315
2015,"B.lapidarius","Belgium",6.33714285714286
2015,"B.lapidarius","England",6.31
2015,"B.pascuorum","Austria",5.17
2015,"B.pascuorum","Belgium",5.46
2015,"B.pascuorum","England",5.34
2015,"B.pratorum","Belgium",5.57
2015,"B.pratorum","England",5.40666666666667
2016,"B.hortorum","England",5.65
2016,"B.pascuorum","Belgium",5.12
2016,"B.pascuorum","England",5.44
2016,"B.pratorum","Belgium",5.5
2017,"B.pascuorum","Belgium",5.382
2017,"B.pratorum","Austria",5.18
2017,"B.pratorum","Belgium",5.72
