Species,Host,Treat,Mass
Colon,Castilleja,Control,4.53
Colon,Castilleja,Control,3.67
Colon,Castilleja,Control,5.84
Colon,Castilleja,Control,2
Colon,Castilleja,Control,4.25
Colon,Castilleja,Control,5.44
Colon,Castilleja,Control,3.37
Colon,Castilleja,Control,4.2
Colon,Castilleja,Control,4
Colon,Castilleja,Control,2.95
Colon,Castilleja,Control,3.8
Colon,Castilleja,Control,5.14
Colon,Castilleja,Control,4.66
Colon,Castilleja,Control,6.05
Colon,Castilleja,Control,6.23
Colon,Castilleja,Control,3.87
Colon,Castilleja,Control,4.35
Colon,Castilleja,Control,5.37
Colon,Castilleja,Control,4.14
Colon,Castilleja,Control,6
Colon,Castilleja,Control,4.42
Colon,Castilleja,Control,4.88
Colon,Castilleja,Control,3.08
Colon,Castilleja,Control,6.37
Colon,Castilleja,Control,3.68
Colon,Castilleja,Control,4.27
Colon,Castilleja,Control,5.42
Colon,Castilleja,Control,3.31
Colon,Castilleja,Control,5.44
Colon,Castilleja,Control,4.19
Colon,Castilleja,Control,3.77
Colon,Castilleja,Control,3.85
Colon,Castilleja,Control,4.21
Colon,Castilleja,Control,4.85
Colon,Castilleja,Control,4.97
Colon,Castilleja,Control,3.22
Colon,Castilleja,Control,4.69
Colon,Castilleja,Control,3.36
Colon,Castilleja,Control,4.58
Colon,Castilleja,Control,4.29
Colon,Castilleja,Control,4.6
Colon,Castilleja,Control,4.98
Colon,Castilleja,Control,3.99
Colon,Castilleja,Control,4.93
Colon,Castilleja,Control,3.72
Colon,Castilleja,Control,1.25
Colon,Castilleja,Control,4.48
Colon,Castilleja,Control,4.28
Colon,Castilleja,Control,4.82
Colon,Castilleja,Control,2.12
Colon,Castilleja,Control,4.62
Colon,Castilleja,Control,6.31
Colon,Castilleja,Control,2.8
Colon,Castilleja,Control,6.87
Colon,Castilleja,Control,2.46
Colon,Castilleja,Herbicide,5.78
Colon,Castilleja,Herbicide,4.94
Colon,Castilleja,Herbicide,2.2
Colon,Castilleja,Herbicide,2.86
Colon,Castilleja,Herbicide,2.07
Colon,Castilleja,Herbicide,1.5
Colon,Castilleja,Herbicide,4.69
Colon,Castilleja,Herbicide,3.57
Colon,Castilleja,Herbicide,1.76
Colon,Castilleja,Herbicide,3.57
Colon,Castilleja,Herbicide,7.01
Colon,Castilleja,Herbicide,4.83
Colon,Castilleja,Herbicide,4.81
Colon,Castilleja,Herbicide,4.79
Colon,Castilleja,Herbicide,3.58
Colon,Castilleja,Herbicide,3.2
Colon,Castilleja,Herbicide,3.1
Colon,Castilleja,Herbicide,3.44
Colon,Castilleja,Herbicide,3.68
Colon,Castilleja,Herbicide,3.92
Colon,Castilleja,Herbicide,3.46
Colon,Castilleja,Herbicide,2.89
Colon,Castilleja,Herbicide,2.92
Colon,Castilleja,Herbicide,4.68
Colon,Castilleja,Herbicide,2.55
Colon,Castilleja,Herbicide,5.39
Colon,Castilleja,Herbicide,2.56
Colon,Castilleja,Herbicide,2.36
Colon,Castilleja,Herbicide,3.14
Colon,Castilleja,Herbicide,2.53
Colon,Castilleja,Herbicide,0.61
Colon,Castilleja,Herbicide,4.89
Colon,Castilleja,Herbicide,5.28
Colon,Castilleja,Herbicide,5.5
Colon,Castilleja,Herbicide,2.28
Colon,Castilleja,Herbicide,4.28
Colon,Castilleja,Herbicide,5.14
Colon,Castilleja,Herbicide,3.78
Colon,Castilleja,Herbicide,3.66
Colon,Castilleja,Herbicide,3.92
Colon,Castilleja,Herbicide,2.46
Colon,Castilleja,Herbicide,4.51
Colon,Castilleja,Herbicide,3.82
Colon,Castilleja,Herbicide,4.31
Colon,Castilleja,Herbicide,3.94
Colon,Castilleja,Herbicide,4.15
Colon,Castilleja,Herbicide,5.56
Colon,Castilleja,Herbicide,3.76
Colon,Castilleja,Herbicide,4.57
Colon,Castilleja,Herbicide,4.56
Colon,Castilleja,Herbicide,3
Colon,Plantago,Control,6.71
Colon,Plantago,Control,6.61
Colon,Plantago,Control,9.18
Colon,Plantago,Control,5.76
Colon,Plantago,Control,6.53
Colon,Plantago,Control,4.82
Colon,Plantago,Control,6.75
Colon,Plantago,Control,5.34
Colon,Plantago,Control,5.81
Colon,Plantago,Control,9.92
Colon,Plantago,Control,5.47
Colon,Plantago,Control,5.8
Colon,Plantago,Control,7.05
Colon,Plantago,Control,5.13
Colon,Plantago,Control,8.49
Colon,Plantago,Control,7.52
Colon,Plantago,Control,8.85
Colon,Plantago,Control,5.27
Colon,Plantago,Control,6.53
Colon,Plantago,Control,5.44
Colon,Plantago,Control,6.96
Colon,Plantago,Control,7.72
Colon,Plantago,Control,8.61
Colon,Plantago,Control,5.84
Colon,Plantago,Control,5.61
Colon,Plantago,Control,6.31
Colon,Plantago,Control,6.66
Colon,Plantago,Control,5.89
Colon,Plantago,Control,6.09
Colon,Plantago,Control,6.74
Colon,Plantago,Control,4.76
Colon,Plantago,Control,5.98
Colon,Plantago,Control,5.84
Colon,Plantago,Control,5.29
Colon,Plantago,Control,5.57
Colon,Plantago,Control,5.69
Colon,Plantago,Control,5.68
Colon,Plantago,Control,4.25
Colon,Plantago,Control,5.53
Colon,Plantago,Control,7.46
Colon,Plantago,Control,7.09
Colon,Plantago,Control,8.38
Colon,Plantago,Control,6.42
Colon,Plantago,Control,7.87
Colon,Plantago,Control,8.53
Colon,Plantago,Control,8.79
Colon,Plantago,Control,7.53
Colon,Plantago,Control,7.79
Colon,Plantago,Control,9.98
Colon,Plantago,Control,8.89
Colon,Plantago,Control,8.08
Colon,Plantago,Control,7.44
Colon,Plantago,Control,9.83
Colon,Plantago,Control,7.91
Colon,Plantago,Control,7.6
Colon,Plantago,Control,6.3
Colon,Plantago,Control,6.56
Colon,Plantago,Control,8.94
Colon,Plantago,Control,9.21
Colon,Plantago,Control,8.15
Colon,Plantago,Control,6.6
Colon,Plantago,Control,7.44
Colon,Plantago,Control,5.89
Colon,Plantago,Control,6.56
Colon,Plantago,Control,5.26
Colon,Plantago,Control,6.14
Colon,Plantago,Control,4.79
Colon,Plantago,Control,6.51
Colon,Plantago,Control,4.84
Colon,Plantago,Control,8
Colon,Plantago,Control,6.62
Colon,Plantago,Control,2.7
Colon,Plantago,Control,7.34
Colon,Plantago,Control,8.08
Colon,Plantago,Control,6.96
Colon,Plantago,Control,7.14
Colon,Plantago,Control,8.82
Colon,Plantago,Control,6.93
Colon,Plantago,Control,5.53
Colon,Plantago,Control,5.44
Colon,Plantago,Control,6.86
Colon,Plantago,Control,5.2
Colon,Plantago,Control,6.82
Colon,Plantago,Control,5.55
Colon,Plantago,Control,7.31
Colon,Plantago,Control,7.55
Colon,Plantago,Control,7.7
Colon,Plantago,Control,7.83
Colon,Plantago,Control,6.76
Colon,Plantago,Control,4.45
Colon,Plantago,Control,4.68
Colon,Plantago,Herbicide,4.97
Colon,Plantago,Herbicide,6.95
Colon,Plantago,Herbicide,6.9
Colon,Plantago,Herbicide,6.11
Colon,Plantago,Herbicide,5.28
Colon,Plantago,Herbicide,6.22
Colon,Plantago,Herbicide,4.94
Colon,Plantago,Herbicide,5.64
Colon,Plantago,Herbicide,8.63
Colon,Plantago,Herbicide,6.25
Colon,Plantago,Herbicide,3.9
Colon,Plantago,Herbicide,4.6
Colon,Plantago,Herbicide,8.18
Colon,Plantago,Herbicide,5.39
Colon,Plantago,Herbicide,10.16
Colon,Plantago,Herbicide,3.32
Colon,Plantago,Herbicide,5.44
Colon,Plantago,Herbicide,1.98
Colon,Plantago,Herbicide,8.86
Colon,Plantago,Herbicide,6.59
Colon,Plantago,Herbicide,7.18
Colon,Plantago,Herbicide,6.7
Colon,Plantago,Herbicide,5.75
Colon,Plantago,Herbicide,8.31
Colon,Plantago,Herbicide,6.73
Colon,Plantago,Herbicide,6.55
Colon,Plantago,Herbicide,6.09
Colon,Plantago,Herbicide,4.8
Colon,Plantago,Herbicide,8.46
Colon,Plantago,Herbicide,5.17
Colon,Plantago,Herbicide,4.64
Colon,Plantago,Herbicide,5.54
Colon,Plantago,Herbicide,5.02
Colon,Plantago,Herbicide,6.94
Colon,Plantago,Herbicide,13.75
Colon,Plantago,Herbicide,5.16
Colon,Plantago,Herbicide,4.48
Colon,Plantago,Herbicide,16.47
Colon,Plantago,Herbicide,5.97
Colon,Plantago,Herbicide,6.41
Colon,Plantago,Herbicide,5.24
Colon,Plantago,Herbicide,5.97
Colon,Plantago,Herbicide,5.34
Colon,Plantago,Herbicide,14.46
Colon,Plantago,Herbicide,5.23
Colon,Plantago,Herbicide,6.43
Colon,Plantago,Herbicide,5.78
Colon,Plantago,Herbicide,6.21
Colon,Plantago,Herbicide,4.31
Colon,Plantago,Herbicide,6.72
Colon,Plantago,Herbicide,5.75
Colon,Plantago,Herbicide,6.31
Colon,Plantago,Herbicide,5.25
Colon,Plantago,Herbicide,6.12
Colon,Plantago,Herbicide,5.05
Colon,Plantago,Herbicide,4.83
Colon,Plantago,Herbicide,8.65
Colon,Plantago,Herbicide,5.63
Colon,Plantago,Herbicide,5.81
Colon,Plantago,Herbicide,7.63
Colon,Plantago,Herbicide,7.04
Colon,Plantago,Herbicide,7.51
Colon,Plantago,Herbicide,7.04
Colon,Plantago,Herbicide,7.94
Colon,Plantago,Herbicide,5.74
Colon,Plantago,Herbicide,4.48
Colon,Plantago,Herbicide,4.13
Colon,Plantago,Herbicide,7.6
Colon,Plantago,Herbicide,4.88
Colon,Plantago,Herbicide,4.69
Colon,Plantago,Herbicide,4.6
Colon,Plantago,Herbicide,8.53
Colon,Plantago,Herbicide,7.3
Colon,Plantago,Herbicide,3.6
Colon,Plantago,Herbicide,4.2
Colon,Plantago,Herbicide,8.47
Colon,Plantago,Herbicide,4.35
Colon,Plantago,Herbicide,6.1
Colon,Plantago,Herbicide,5.41
Colon,Plantago,Herbicide,6.37
Colon,Plantago,Herbicide,8.35
Colon,Plantago,Herbicide,5.03
Colon,Plantago,Herbicide,4.16
Colon,Plantago,Herbicide,6.97
Colon,Plantago,Herbicide,4.84
Colon,Plantago,Herbicide,8.62
