year,tree,branch,treatment,num.filled,num.empty,num.grub,num.wrinkle,num.small,num.moldy,num.exit,num.missing,total.seed,mast.index
2012,HF1,A,control,2,3,1,0,0,0,0,2,6,0.05
2012,HF1,B,control,1,5,1,0,0,0,0,1,7,0.05
2012,HF1,C,control,1,2,0,0,0,0,0,1,3,0.05
2012,HF1,C,control,3,8,6,0,0,0,0,1,17,0.05
2012,HF4,A,exclusion,0,8,0,0,0,0,0,0,8,0.05
2012,HF4,A,control,0,4,4,0,0,0,0,0,8,0.05
2012,HF4,A,control,0,4,4,0,0,0,0,0,8,0.05
2012,HF4,A,exclusion,0,2,0,0,0,0,0,0,2,0.05
2012,HF4,B,control,3,6,5,0,0,0,0,0,14,0.05
2012,HF4,C,control,2,6,4,1,0,0,0,1,13,0.05
2012,HF4,C,control,1,12,9,0,0,2,0,1,24,0.05
2012,HF4,C,exclusion,0,9,3,1,2,0,0,0,15,0.05
2013,HF18,A,control,4,5,1,NA,NA,NA,NA,NA,10,31.15
2013,HF18,A,exclusion,4,8,2,NA,NA,NA,NA,NA,14,31.15
2013,HF18,B,control,5,7,5,NA,NA,NA,NA,NA,17,31.15
2013,HF18,B,exclusion,9,9,0,NA,NA,NA,NA,NA,18,31.15
2013,HF18,C,control,11,11,0,NA,NA,NA,NA,NA,22,31.15
2013,HF18,C,exclusion,17,19,2,NA,NA,NA,NA,NA,38,31.15
2013,HF1,A,control,3,4,1,NA,NA,NA,NA,NA,8,31.15
2013,HF1,A,exclusion,15,9,0,NA,NA,NA,NA,NA,24,31.15
2013,HF1,B,control,18,27,0,NA,NA,NA,NA,NA,45,31.15
2013,HF1,B,exclusion,19,19,0,NA,NA,NA,NA,NA,38,31.15
2013,HF1,C,control,9,11,0,NA,NA,NA,NA,NA,20,31.15
2013,HF1,C,exclusion,13,13,0,NA,NA,NA,NA,NA,26,31.15
2013,HF1,D,control,2,5,1,NA,NA,NA,NA,NA,8,31.15
2013,HF1,D,exclusion,16,12,0,NA,NA,NA,NA,NA,28,31.15
2013,HF1,E,control,21,21,2,NA,NA,NA,NA,NA,44,31.15
2013,HF1,E,exclusion,14,16,0,NA,NA,NA,NA,NA,30,31.15
2013,HF18,A,exclusion,7,11,0,NA,NA,NA,NA,NA,18,31.15
2013,HF18,B,control,18,25,3,NA,NA,NA,NA,NA,46,31.15
2013,HF18,B,exclusion,4,9,1,NA,NA,NA,NA,NA,14,31.15
2013,HF23,A,control,9,10,1,NA,NA,NA,NA,NA,20,31.15
2013,HF23,A,exclusion,21,19,0,NA,NA,NA,NA,NA,40,31.15
2013,HF23,B,control,22,17,1,NA,NA,NA,NA,NA,40,31.15
2013,HF23,B,exclusion,19,11,0,NA,NA,NA,NA,NA,30,31.15
2013,HF23,C,control,21,16,1,NA,NA,NA,NA,NA,38,31.15
2013,HF23,C,exclusion,8,8,0,NA,NA,NA,NA,NA,16,31.15
2013,HF23,D,control,0,1,1,NA,NA,NA,NA,NA,2,31.15
2013,HF23,D,exclusion,17,15,0,NA,NA,NA,NA,NA,32,31.15
2013,HF23,E,control,10,10,0,NA,NA,NA,NA,NA,20,31.15
2013,HF23,E,exclusion,17,12,1,NA,NA,NA,NA,NA,30,31.15
2014,HF1,A,control,1,9,0,2,0,0,0,0,12,10.55
2014,HF1,B,control,2,7,0,0,0,0,3,0,12,10.55
2014,HF1,B,exclusion,0,0,0,0,0,0,0,6,0,10.55
2014,HF1,C,control,5,4,0,1,0,0,0,0,10,10.55
2014,HF1,C,exclusion,1,4,3,0,0,0,0,0,8,10.55
2014,HF4,B,control,0,10,0,0,0,0,4,0,14,10.55
2014,HF4,B,exclusion,0,8,0,0,0,0,0,4,8,10.55
2014,HF4,C,control,0,5,2,0,0,0,3,0,10,10.55
2014,HF4,C,exclusion,0,4,0,0,0,0,0,8,4,10.55
2014,HF16,B,control,1,4,0,2,0,0,1,0,8,10.55
2014,HF16,B,exclusion,0,1,1,0,0,0,0,0,2,10.55
2014,HF12,A,exclusion,0,0,0,0,0,0,0,14,0,10.55
2014,HF12,B,control,4,2,0,0,0,0,0,4,6,10.55
2014,HF12,B,exclusion,1,2,1,0,0,0,0,0,4,10.55
2014,HF12,C,control,1,1,0,0,0,0,0,14,2,10.55
2014,HF18,A,control,0,4,0,2,0,0,2,0,8,10.55
2014,HF18,A,exclusion,2,4,0,0,0,0,2,0,8,10.55
2014,HF18,B,control,7,8,0,0,0,0,1,0,16,10.55
2014,HF18,B,exclusion,0,6,0,0,0,0,0,0,6,10.55
2014,HF18,C,control,1,7,0,0,0,0,2,0,10,10.55
2015,HF1,A,control,3,7,4,0,0,0,0,0,14,4
2015,HF1,B,control,6,7,1,0,0,0,3,0,17,4
2015,HF1,C,exclusion,5,5,0,0,0,0,0,0,10,4
2015,HF1,C,control,2,7,3,0,0,0,1,0,13,4
2015,HF4,A,control,0,0,0,0,0,0,0,26,0,4
2015,HF4,A,exclusion,14,12,0,0,0,0,0,0,26,4
2015,HF4,B,exclusion,0,1,0,0,0,0,1,36,2,4
2015,HF4,B,control,14,17,1,0,0,0,0,0,32,4
2015,HF4,C,exclusion,0,0,0,0,0,0,0,16,0,4
2015,HF4,C,control,0,0,0,0,0,0,0,12,0,4
2015,HF5,C,control,2,2,0,0,0,0,0,2,4,4
2015,HF5,C,exclusion,0,0,0,0,0,0,0,12,0,4
2015,HF12,A,exclusion,0,0,0,0,0,0,0,2,0,4
2015,HF12,A,control,0,0,0,0,0,0,0,38,0,4
2015,HF12,B,exclusion,0,0,0,0,0,0,0,14,0,4
2015,HF12,B,control,5,7,2,0,0,0,0,0,14,4
2015,HF12,C,control,0,0,0,0,0,0,0,16,0,4
2015,HF12,C,exclusion,0,0,0,0,0,0,0,12,0,4
2015,HF18,A,control,17,30,3,0,0,2,4,0,56,4
2015,HF18,A,exclusion,6,8,0,0,0,0,0,0,14,4
2015,HF18,B,control,8,12,0,0,0,0,2,0,22,4
2015,HF18,B,exclusion,7,9,2,0,0,0,0,0,18,4
2015,HF18,C,control,0,2,1,0,0,0,1,6,4,4
2015,HF18,C,exclusion,2,11,0,0,3,0,0,0,16,4
2016,HF9,A,control,0,0,0,0,0,0,0,0,0,3.05
2016,HF9,A,exclusion,NA,NA,NA,NA,NA,NA,NA,NA,0,3.05
2016,HF9,B,control,0,0,0,0,0,0,0,0,0,3.05
2016,HF9,B,exclusion,0,0,0,0,0,0,0,0,0,3.05
2016,HF9,C,control,2,12,4,0,0,0,0,0,18,3.05
2016,HF9,C,exclusion,0,26,1,0,0,0,0,0,27,3.05
2016,HF6,A,control,3,10,1,0,0,0,0,0,14,3.05
2016,HF6,A,exclusion,NA,NA,NA,NA,NA,NA,NA,NA,0,3.05
2016,HF6,B,control,5,16,5,0,2,0,0,0,28,3.05
2016,HF6,B,exclusion,5,15,2,0,2,0,0,0,24,3.05
2016,HF6,C,control,0,0,0,0,0,0,0,0,0,3.05
2016,HF6,C,exclusion,0,0,0,0,0,0,0,0,0,3.05
2016,HF5,A,control,0,0,0,0,0,0,0,0,0,3.05
2016,HF5,A,exclusion,0,0,0,0,0,0,0,0,0,3.05
2016,HF5,B,control,0,0,0,0,0,0,0,0,0,3.05
2016,HF5,B,exclusion,0,0,0,0,0,0,0,0,0,3.05
2016,HF5,C,control,0,0,0,0,0,0,0,0,0,3.05
2016,HF5,C,exclusion,0,0,0,0,0,0,0,0,0,3.05
2016,HF18,A,control,1,10,3,0,0,0,1,0,15,3.05
2016,HF18,A,exclusion,1,8,0,0,0,0,3,0,12,3.05
2016,HF18,B,control,0,1,0,0,0,0,0,0,1,3.05
2016,HF18,B,exclusion,0,0,0,0,0,0,0,0,0,3.05
2016,HF18,C,control,3,18,2,0,0,0,3,0,26,3.05
2016,HF18,C,exclusion,0,11,0,0,0,0,5,0,16,3.05
2016,HF12,A,control,2,0,0,0,0,0,0,0,2,3.05
2016,HF12,A,exclusion,1,0,0,0,0,0,0,1,1,3.05
2016,HF12,B,control,NA,NA,NA,NA,NA,NA,NA,NA,0,3.05
2016,HF12,B,exclusion,NA,NA,NA,NA,NA,NA,NA,NA,0,3.05
2016,HF12,C,control,NA,NA,NA,NA,NA,NA,NA,NA,0,3.05
2016,HF12,C,exclusion,1,1,0,0,0,0,0,0,2,3.05
2016,HF43,A,control,0,0,0,0,0,0,0,0,0,3.05
2016,HF43,A,exclusion,0,0,0,0,0,0,0,0,0,3.05
2016,HF43,B,control,0,0,0,0,0,0,0,0,0,3.05
2016,HF43,B,exclusion,0,0,0,0,0,0,0,0,0,3.05
2016,HF43,C,control,0,0,0,0,0,0,0,0,0,3.05
2016,HF43,C,exclusion,0,0,0,0,0,0,0,0,0,3.05
2017,HF4,B,exclusion,5,10,0,0,0,0,0,0,15,43.85
2017,HF4,B,control,9,7,0,0,0,0,0,0,16,43.85
2017,HF4,A,control,15,3,0,0,0,0,0,0,18,43.85
2017,HF4,A,exclusion,7,5,0,0,0,0,0,0,12,43.85
2017,HF4,C,control,7,5,0,0,0,0,0,0,12,43.85
2017,HF4,C,exclusion,8,6,0,0,0,0,0,0,14,43.85
2017,HF1,C,control,6,10,0,0,0,0,0,0,16,43.85
2017,HF1,C,exclusion,2,10,0,0,0,0,0,0,12,43.85
2017,HF1,B,exclusion,4,4,0,0,0,0,0,0,8,43.85
2017,HF1,B,control,1,3,0,0,0,0,0,0,4,43.85
2017,HF1,A,exclusion,2,6,0,0,0,0,0,0,8,43.85
2017,HF1,A,control,2,4,2,0,0,0,0,0,8,43.85
2017,HF18,A,control,4,4,0,0,0,0,0,0,8,43.85
2017,HF18,A,exclusion,7,7,0,0,0,0,0,0,14,43.85
2017,HF18,B,control,3,4,0,1,0,0,0,0,8,43.85
2017,HF18,B,exclusion,5,9,0,1,0,0,0,0,15,43.85
2017,HF18,C,exclusion,9,9,0,0,0,0,0,0,18,43.85
2017,HF18,C,control,12,10,0,0,0,0,0,0,22,43.85
2017,HF16,B,exclusion,1,3,2,0,0,0,0,0,6,43.85
2017,HF16,B,control,2,2,0,0,0,0,0,0,4,43.85
2017,HF16,C,control,2,5,2,1,0,0,0,0,10,43.85
2017,HF16,C,exclusion,4,6,2,0,0,0,0,0,12,43.85
2017,HF16,A,exclusion,2,4,0,0,0,0,0,0,6,43.85
2017,HF16,A,control,4,4,0,0,0,0,0,0,8,43.85
2017,HF5,B,control,10,10,0,0,0,0,0,0,20,43.85
2017,HF5,B,exclusion,3,5,0,0,0,0,0,0,8,43.85
2017,HF13,C,control,11,7,0,0,4,0,0,0,22,43.85
2017,HF13,C,exclusion,13,14,0,1,0,0,0,0,28,43.85
2017,HF13,B,control,8,9,1,0,0,0,0,0,18,43.85
2017,HF13,B,exclusion,15,16,0,1,0,0,0,0,32,43.85
2017,HF13,A,exclusion,12,10,0,0,0,0,0,0,22,43.85
2017,HF13,A,control,9,9,0,0,0,0,0,0,18,43.85
2017,HF12,C,exclusion,6,14,0,0,0,0,0,0,20,43.85
2017,HF12,C,control,6,8,0,0,0,0,0,0,14,43.85
2017,HF12,B,control,12,9,0,1,0,0,0,0,22,43.85
2017,HF12,B,exclusion,4,14,0,0,0,0,0,0,18,43.85
2017,HF12,A,control,11,15,0,0,0,0,0,0,26,43.85
2017,HF12,A,exclusion,2,18,0,0,0,0,0,0,20,43.85
