"","path_id","site","observer","pop","mon_id","sex","wear","f","s","n","o","obstime","prop_n","logit_n"
"1","b","sedge","am","wild","","f",3,2,66,0,0,68,0,-3.66356164612965
"2","bb","charles","am","wild","CR2","m",2,10,78,17,0,105,0.161904761904762,-1.52443396117271
"3","bbb","charles","aw","wild","cr-12","m",2,3,57,0,0,60,0,-3.66356164612965
"4","bbg","charles","am","wild","cr-13","m",1,4,0,0,0,4,0,-3.66356164612965
"5","bbr","charles","aw","wild","cr-14","m",2,0,60,0,0,60,0,-3.66356164612965
"6","bbs","charles","aw","wild","cr-15","m",2,6,0,0,0,6,0,-3.66356164612965
"7","bgr","delaney","am","wild","","f",3,16,15,0,0,31,0,-3.66356164612965
"8","bgs","delaney","am","wild","","m",2,1,0,0,0,1,0,-3.66356164612965
"9","bgs","delaney","am","wild","","m",3,1,0,0,0,1,0,-3.66356164612965
"10","bgs","delaney","am","wild","","m",4,1,0,0,0,1,0,-3.66356164612965
"11","bgs","delaney","am","wild","","m",5,1,0,0,0,1,0,-3.66356164612965
"12","bgs","delaney","am","wild","","m",6,1,0,0,0,1,0,-3.66356164612965
"13","bgs","delaney","am","wild","","m",7,0,1,0,0,1,0,-3.66356164612965
"14","bgs","delaney","am","wild","","m",8,0,1,0,0,1,0,-3.66356164612965
"15","br","charles","am","wild","CR4","m",1,4,0,0,0,4,0,-3.66356164612965
"16","br","charles","aw","wild","cr4","m",1,4,0,0,0,4,0,-3.66356164612965
"17","brb","delaney","am","wild","brb","f",3,15,44,0,7,66,0,-3.66356164612965
"18","brg","delaney","am","wild","brg","f",2,1,1,0,0,2,0,-3.66356164612965
"19","brr","delaney","am","wild","","f",3,9,167,2,0,178,0.0112359550561798,-3.2970027069991
"20","brs","charles","aw","wild","brs","m",3,4,168,0,0,172,0,-3.66356164612965
"21","bsb","delaney","am","wild","","f",3,1,0,0,0,1,0,-3.66356164612965
"22","bsb-2","delaney","am","wild","bsb","f",4,6,61,0,0,67,0,-3.66356164612965
"23","bsg","delaney","am","wild","","f",1,1,0,0,0,1,0,-3.66356164612965
"24","bsg","delaney","am","wild","","f",NA,0,96,0,0,96,0,-3.66356164612965
"25","bsr","delaney","am","wild","","m",2,6,54,0,0,60,0,-3.66356164612965
"26","bss","delaney","aw","wild","bss","f",3,8,59,0,3,70,0,-3.66356164612965
"27","bss-2","delaney","am","wild","","f",3,3,0,0,0,3,0,-3.66356164612965
"28","g","sedge","am","wild","","f",1,0,49,0,0,49,0,-3.66356164612965
"29","g","sedge","aw","wild","g","f",1,0,48,0,0,48,0,-3.66356164612965
"30","gbb-1","delaney","am","wild","","f",2,0,179,0,0,179,0,-3.66356164612965
"31","gbb-2","delaney","am","wild","","f",2,15,117,1,6,139,0.00719424460431655,-3.41485138598713
"32","gbg","delaney","am","wild","","f",1,7,89,0,9,105,0,-3.66356164612965
"33","gbr","delaney","aw","wild","gbr","f",NA,2,0,0,0,2,0,-3.66356164612965
"34","gbs-1","delaney","am","wild","","f",4,2,1,0,0,3,0,-3.66356164612965
"35","gg","delaney","am","wild","DY2","f",1,3,20,0,0,23,0,-3.66356164612965
"36","ggb","delaney","am","wild","","m",4,7,53,0,0,60,0,-3.66356164612965
"37","ggg","delaney","aw","wild","ggg","f",4,1,187,0,0,188,0,-3.66356164612965
"38","ggr","mattison","am","wild","","m",4,7,17,0,0,24,0,-3.66356164612965
"39","ggs","mattison","am","wild","","m",2,7,7,0,0,14,0,-3.66356164612965
"40","ggs-2","mattison","am","wild","ggs","m",3,6,5,0,0,11,0,-3.66356164612965
"41","grb-1","mattison","aw","wild","grb","m",2,2,60,0,0,62,0,-3.66356164612965
"42","grb-2","mattison","am","wild","","m",5,4,12,0,0,16,0,-3.66356164612965
"43","grg","mattison","am","wild","","f",4,5,61,0,0,66,0,-3.66356164612965
"44","grs-1","mattison","am","wild","","f",5,17,234,1,1,253,0.00395256916996047,-3.51976921139514
"45","grs-2","mattison","am","wild","","f",5,7,24,141,4,176,0.801136363636364,1.30145375198703
"46","gsb","mattison","am","wild","gsb","f",5,9,46,6,1,62,0.0967741935483871,-2.02177589983003
"47","gsg","mattison","am","wild","","f",2,6,0,1,0,7,0.142857142857143,-1.65292302437384
"48","gsr","mattison","aw","wild","gsr","m",3,3,55,0,0,58,0,-3.66356164612965
"49","gss","mattison","am","wild","","f",NA,6,1,11,0,18,0.611111111111111,0.428668005187829
"50","r","sedge","aw","wild","r","f",2,0,27,0,0,27,0,-3.66356164612965
"51","r","sedge","am","wild","S-AM1","f",2,0,26,0,0,26,0,-3.66356164612965
"52","rbb","mattison","am","wild","rbb","f",4,18,50,1,1,70,0.0142857142857143,-3.2159084636404
"53","rgg","charles","am","wild","cr-10","f",5,4,174,0,0,178,0,-3.66356164612965
"54","rr","delaney","am","wild","DY3","f",2,10,16,0,0,26,0,-3.66356164612965
"55","rrb","charles","am","wild","cr-7","m",2,2,58,0,0,60,0,-3.66356164612965
"56","rrg","charles","am","wild","cr-8","f",3,1,3,0,0,4,0,-3.66356164612965
"57","rrr-1","charles","aw","wild","cr-6","m",3,2,58,0,0,60,0,-3.66356164612965
"58","rrr-2","charles","aw","wild","cr-6-2","m",3,4,1,0,0,5,0,-3.66356164612965
"59","rrrb","mattison","aw","wild","rrrb","f",4,2,0,0,0,2,0,-3.66356164612965
"60","rrrr","mattison","am","wild","","f",NA,9,93,0,0,102,0,-3.66356164612965
"61","rrrs","mattison","am","wild","","f",2,7,48,0,0,55,0,-3.66356164612965
"62","rrs","charles","am","wild","cr-9","m",2,7,41,12,0,60,0.2,-1.29504568965475
"63","rrs","charles","aw","wild","rrs","m",2,7,42,11,0,60,0.183333333333333,-1.39151085703878
"64","rs-1","delaney","am","wild","","m",2,2,30,0,0,32,0,-3.66356164612965
"65","rs-2","delaney","am","wild","rs","m",3,3,16,2,0,21,0.0952380952380952,-2.03598506621438
"66","rs-3","delaney","am","wild","","m",4,8,1,0,0,9,0,-3.66356164612965
"67","rs-4","delaney","am","wild","","m",4,1,3,0,0,4,0,-3.66356164612965
"68","rsr","charles","am","wild","cr-11","f",1,5,0,0,0,5,0,-3.66356164612965
"69","rss","mattison","aw","wild","rss","f",1,9,136,31,2,178,0.174157303370787,-1.44709248861907
"70","sbb","mattison","am","wild","","f",3,5,0,2,1,8,0.25,-1.0330150061823
"71","sbb",NA,NA,NA,NA,"f",NA,0,0,0,0,0,NA,NA
"72","sbg","mattison","aw","wild","sbg","f",3,7,23,0,0,30,0,-3.66356164612965
"73","sbr","mattison","aw","wild","sbr","f",3,18,11,52,4,85,0.611764705882353,0.431268235199287
"74","sgb","mattison","am","wild","","m",2,4,55,1,0,60,0.0166666666666667,-3.15656611061126
"75","sgg","mattison","aw","wild","sgg","f",2,13,3,110,0,126,0.873015873015873,1.76925564930979
"76","sgr","mattison","am","wild","","f",2,10,0,14,0,24,0.583333333333333,0.319353416289433
"77","sgr",NA,NA,NA,NA,"f",NA,0,0,0,0,0,NA,NA
"78","sgs","mattison","aw","wild","sgs","m",2,4,46,0,0,50,0,-3.66356164612965
"79","ss","charles","am","wild","CR3","m",2,1,0,0,0,1,0,-3.66356164612965
"80","yy-1","charles","am","wild","","m",4,7,139,1,0,147,0.00680272108843537,-3.42698805080296
"81","yy-1","charles","","wild","","m",4,0,26,0,0,26,0,-3.66356164612965
"82","yy-2","charles","am","wild","cr-5","m",4,9,5,21,0,35,0.6,0.384674338439091
"83","yy-2",NA,NA,NA,NA,"m",NA,0,0,0,0,0,NA,NA
"84","yy-3","charles","am","wild","cr-5","m",4,17,43,0,0,60,0,-3.66356164612965
