BIRD_ID,YEAR,SCI_NAME,FAMILY,N_TICK,AVE_BWT,NEST,DIET,HABITAT,POS_BIRD
12,2003,Melanerpes formicivorus,Picidae,0,77.5,CAVITY,INSECTS,OAKW,0
13,2003,Melanerpes formicivorus,Picidae,0,77.5,CAVITY,INSECTS,OAKW,0
91,2003,Melanerpes formicivorus,Picidae,0,77.5,CAVITY,INSECTS,OAKW,0
127,2003,Melanerpes formicivorus,Picidae,0,77.5,CAVITY,INSECTS,OAKW,0
286,2003,Melanerpes formicivorus,Picidae,1,77.5,CAVITY,INSECTS,OAKW,0
318,2003,Melanerpes formicivorus,Picidae,0,77.5,CAVITY,INSECTS,OAKW,0
319,2003,Melanerpes formicivorus,Picidae,0,77.5,CAVITY,INSECTS,OAKW,0
320,2003,Melanerpes formicivorus,Picidae,0,77.5,CAVITY,INSECTS,OAKW,0
440,2004,Melanerpes formicivorus,Picidae,0,77.5,CAVITY,INSECTS,OAKW,0
465,2004,Melanerpes formicivorus,Picidae,1,77.5,CAVITY,INSECTS,OAKW,0
475,2004,Melanerpes formicivorus,Picidae,0,77.5,CAVITY,INSECTS,OAKW,0
495,2004,Melanerpes formicivorus,Picidae,0,77.5,CAVITY,INSECTS,OAKW,0
503,2004,Melanerpes formicivorus,Picidae,0,77.5,CAVITY,INSECTS,OAKW,0
524,2004,Melanerpes formicivorus,Picidae,0,77.5,CAVITY,INSECTS,OAKW,0
536,2004,Melanerpes formicivorus,Picidae,0,77.5,CAVITY,INSECTS,OAKW,0
544,2004,Melanerpes formicivorus,Picidae,0,77.5,CAVITY,INSECTS,OAKW,0
567,2004,Melanerpes formicivorus,Picidae,0,77.5,CAVITY,INSECTS,OAKW,0
578,2004,Melanerpes formicivorus,Picidae,0,77.5,CAVITY,INSECTS,OAKW,0
579,2004,Melanerpes formicivorus,Picidae,0,77.5,CAVITY,INSECTS,OAKW,0
8,2003,Turdus migratorius,Turdidae,0,81,TREE,INSECTS,OAKW,0
34,2003,Turdus migratorius,Turdidae,1,81,TREE,INSECTS,OAKW,0
92,2003,Turdus migratorius,Turdidae,6,81,TREE,INSECTS,OAKW,1
181,2003,Turdus migratorius,Turdidae,1,81,TREE,INSECTS,OAKW,1
625,2004,Turdus migratorius,Turdidae,0,81,TREE,INSECTS,OAKW,0
29,2003,Myiarchus cinerascens,Tyrannidae,0,29.5,CAVITY,INSECTS,OAKW,0
30,2003,Myiarchus cinerascens,Tyrannidae,0,29.5,CAVITY,INSECTS,OAKW,0
33,2003,Myiarchus cinerascens,Tyrannidae,1,29.5,CAVITY,INSECTS,OAKW,0
64,2003,Myiarchus cinerascens,Tyrannidae,0,29.5,CAVITY,INSECTS,OAKW,0
173,2003,Myiarchus cinerascens,Tyrannidae,0,29.5,CAVITY,INSECTS,OAKW,0
198,2003,Myiarchus cinerascens,Tyrannidae,0,29.5,CAVITY,INSECTS,OAKW,0
288,2003,Myiarchus cinerascens,Tyrannidae,0,29.5,CAVITY,INSECTS,OAKW,0
419,2004,Myiarchus cinerascens,Tyrannidae,0,29.5,CAVITY,INSECTS,OAKW,0
420,2004,Myiarchus cinerascens,Tyrannidae,0,29.5,CAVITY,INSECTS,OAKW,0
466,2004,Myiarchus cinerascens,Tyrannidae,0,29.5,CAVITY,INSECTS,OAKW,0
474,2004,Myiarchus cinerascens,Tyrannidae,0,29.5,CAVITY,INSECTS,OAKW,0
502,2004,Myiarchus cinerascens,Tyrannidae,0,29.5,CAVITY,INSECTS,OAKW,0
560,2004,Myiarchus cinerascens,Tyrannidae,0,29.5,CAVITY,INSECTS,OAKW,0
106,2003,Thryomanes bewickii,Troglodytidae,0,10,CAVITY,INSECTS,OAKW,1
128,2003,Thryomanes bewickii,Troglodytidae,1,10,CAVITY,INSECTS,OAKW,0
144,2003,Thryomanes bewickii,Troglodytidae,1,10,CAVITY,INSECTS,OAKW,0
176,2003,Thryomanes bewickii,Troglodytidae,1,10,CAVITY,INSECTS,OAKW,0
282,2003,Thryomanes bewickii,Troglodytidae,1,10,CAVITY,INSECTS,OAKW,0
283,2003,Thryomanes bewickii,Troglodytidae,0,10,CAVITY,INSECTS,OAKW,0
284,2003,Thryomanes bewickii,Troglodytidae,1,10,CAVITY,INSECTS,OAKW,0
285,2003,Thryomanes bewickii,Troglodytidae,1,10,CAVITY,INSECTS,OAKW,1
426,2004,Thryomanes bewickii,Troglodytidae,1,10,CAVITY,INSECTS,OAKW,0
438,2004,Thryomanes bewickii,Troglodytidae,1,10,CAVITY,INSECTS,OAKW,0
476,2004,Thryomanes bewickii,Troglodytidae,3,10,CAVITY,INSECTS,OAKW,0
496,2004,Thryomanes bewickii,Troglodytidae,1,10,CAVITY,INSECTS,OAKW,1
508,2004,Thryomanes bewickii,Troglodytidae,0,10,CAVITY,INSECTS,OAKW,1
541,2004,Thryomanes bewickii,Troglodytidae,0,10,CAVITY,INSECTS,OAKW,0
543,2004,Thryomanes bewickii,Troglodytidae,0,10,CAVITY,INSECTS,OAKW,0
551,2004,Thryomanes bewickii,Troglodytidae,0,10,CAVITY,INSECTS,OAKW,0
552,2004,Thryomanes bewickii,Troglodytidae,0,10,CAVITY,INSECTS,OAKW,0
557,2004,Thryomanes bewickii,Troglodytidae,0,10,CAVITY,INSECTS,OAKW,0
559,2004,Thryomanes bewickii,Troglodytidae,0,10,CAVITY,INSECTS,OAKW,0
582,2004,Thryomanes bewickii,Troglodytidae,0,10,CAVITY,INSECTS,OAKW,0
601,2004,Thryomanes bewickii,Troglodytidae,0,10,CAVITY,INSECTS,OAKW,0
603,2004,Thryomanes bewickii,Troglodytidae,0,10,CAVITY,INSECTS,OAKW,0
650,2004,Thryomanes bewickii,Troglodytidae,0,10,CAVITY,INSECTS,OAKW,0
662,2004,Thryomanes bewickii,Troglodytidae,0,10,CAVITY,INSECTS,OAKW,0
52,2003,Polioptila caerulea,Sylviidae,0,6,TREE,INSECTS,XW,0
490,2004,Polioptila caerulea,Sylviidae,0,6,TREE,INSECTS,XW,0
618,2004,Molothrus ater,Icteridae,0,46,OPP,SEEDS,GRASS,0
436,2004,Pheucticus melanocephalus,Cardinalidae,2,42,TREE,INSECTS,XW,0
442,2004,Pheucticus melanocephalus,Cardinalidae,0,42,TREE,INSECTS,XW,0
456,2004,Pheucticus melanocephalus,Cardinalidae,0,42,TREE,INSECTS,XW,1
457,2004,Pheucticus melanocephalus,Cardinalidae,0,42,TREE,INSECTS,XW,0
459,2004,Pheucticus melanocephalus,Cardinalidae,0,42,TREE,INSECTS,XW,0
460,2004,Pheucticus melanocephalus,Cardinalidae,0,42,TREE,INSECTS,XW,1
542,2004,Pheucticus melanocephalus,Cardinalidae,0,42,TREE,INSECTS,XW,0
556,2004,Pheucticus melanocephalus,Cardinalidae,0,42,TREE,INSECTS,XW,0
75,2003,Sayornis nigricans,Tyrannidae,0,18.5,CLIFF,INSECTS,OAKW,0
76,2003,Sayornis nigricans,Tyrannidae,0,18.5,CLIFF,INSECTS,OAKW,0
287,2003,Sayornis nigricans,Tyrannidae,0,18.5,CLIFF,INSECTS,OAKW,0
290,2003,Sayornis nigricans,Tyrannidae,0,18.5,CLIFF,INSECTS,OAKW,0
294,2003,Sayornis nigricans,Tyrannidae,0,18.5,CLIFF,INSECTS,OAKW,0
501,2004,Sayornis nigricans,Tyrannidae,0,18.5,CLIFF,INSECTS,OAKW,0
195,2003,Certhia americana,Certhiidae,5,7.5,BARK,INSECTS,XW,0
310,2003,Certhia americana,Certhiidae,3,7.5,BARK,INSECTS,XW,1
311,2003,Certhia americana,Certhiidae,3,7.5,BARK,INSECTS,XW,0
558,2004,Certhia americana,Certhiidae,0,7.5,BARK,INSECTS,XW,0
3,2003,Dendroica nigrescens,Parulidae,0,8.5,TREE,INSECTS,XW,0
63,2003,Dendroica nigrescens,Parulidae,0,8.5,TREE,INSECTS,XW,0
79,2003,Dendroica nigrescens,Parulidae,0,8.5,TREE,INSECTS,XW,0
87,2003,Dendroica nigrescens,Parulidae,1,8.5,TREE,INSECTS,XW,0
177,2003,Dendroica nigrescens,Parulidae,0,8.5,TREE,INSECTS,XW,0
217,2003,Dendroica nigrescens,Parulidae,0,8.5,TREE,INSECTS,XW,1
593,2004,Dendroica nigrescens,Parulidae,0,8.5,TREE,INSECTS,XW,1
597,2004,Dendroica nigrescens,Parulidae,0,8.5,TREE,INSECTS,XW,0
647,2004,Dendroica nigrescens,Parulidae,0,8.5,TREE,INSECTS,XW,0
28,2003,Icterus bullockii,Icteridae,1,36,TREE,INSECTS,OAKW,1
428,2004,Icterus bullockii,Icteridae,0,36,TREE,INSECTS,OAKW,0
443,2004,Icterus bullockii,Icteridae,0,36,TREE,INSECTS,OAKW,0
444,2004,Icterus bullockii,Icteridae,0,36,TREE,INSECTS,OAKW,0
458,2004,Icterus bullockii,Icteridae,0,36,TREE,INSECTS,OAKW,0
478,2004,Icterus bullockii,Icteridae,1,36,TREE,INSECTS,OAKW,0
479,2004,Icterus bullockii,Icteridae,2,36,TREE,INSECTS,OAKW,0
510,2004,Icterus bullockii,Icteridae,0,36,TREE,INSECTS,OAKW,0
512,2004,Icterus bullockii,Icteridae,0,36,TREE,INSECTS,OAKW,0
514,2004,Icterus bullockii,Icteridae,0,36,TREE,INSECTS,OAKW,0
528,2004,Icterus bullockii,Icteridae,0,36,TREE,INSECTS,OAKW,0
535,2004,Icterus bullockii,Icteridae,0,36,TREE,INSECTS,OAKW,0
10,2003,Psaltriparus minimus,Aegithalidae,0,5,TREE,INSECTS,CHAP,0
11,2003,Psaltriparus minimus,Aegithalidae,0,5,TREE,INSECTS,CHAP,0
43,2003,Psaltriparus minimus,Aegithalidae,0,5,TREE,INSECTS,CHAP,0
51,2003,Psaltriparus minimus,Aegithalidae,0,5,TREE,INSECTS,CHAP,0
133,2003,Psaltriparus minimus,Aegithalidae,0,5,TREE,INSECTS,CHAP,0
153,2003,Psaltriparus minimus,Aegithalidae,0,5,TREE,INSECTS,CHAP,0
154,2003,Psaltriparus minimus,Aegithalidae,0,5,TREE,INSECTS,CHAP,0
155,2003,Psaltriparus minimus,Aegithalidae,0,5,TREE,INSECTS,CHAP,0
164,2003,Psaltriparus minimus,Aegithalidae,0,5,TREE,INSECTS,CHAP,0
165,2003,Psaltriparus minimus,Aegithalidae,0,5,TREE,INSECTS,CHAP,0
166,2003,Psaltriparus minimus,Aegithalidae,0,5,TREE,INSECTS,CHAP,0
199,2003,Psaltriparus minimus,Aegithalidae,0,5,TREE,INSECTS,CHAP,0
200,2003,Psaltriparus minimus,Aegithalidae,0,5,TREE,INSECTS,CHAP,0
201,2003,Psaltriparus minimus,Aegithalidae,0,5,TREE,INSECTS,CHAP,1
205,2003,Psaltriparus minimus,Aegithalidae,0,5,TREE,INSECTS,CHAP,0
222,2003,Psaltriparus minimus,Aegithalidae,0,5,TREE,INSECTS,CHAP,0
224,2003,Psaltriparus minimus,Aegithalidae,0,5,TREE,INSECTS,CHAP,1
225,2003,Psaltriparus minimus,Aegithalidae,0,5,TREE,INSECTS,CHAP,0
413,2004,Psaltriparus minimus,Aegithalidae,0,5,TREE,INSECTS,CHAP,0
676,2004,Psaltriparus minimus,Aegithalidae,0,5,TREE,INSECTS,CHAP,0
677,2004,Psaltriparus minimus,Aegithalidae,0,5,TREE,INSECTS,CHAP,0
9,2003,Pipilo crissalis,Emberizidae,0,52,SHRUB,SEEDS,CHAP,0
123,2003,Pipilo crissalis,Emberizidae,0,52,SHRUB,SEEDS,CHAP,0
227,2003,Pipilo crissalis,Emberizidae,0,52,SHRUB,SEEDS,CHAP,0
232,2003,Pipilo crissalis,Emberizidae,0,52,SHRUB,SEEDS,CHAP,1
250,2003,Pipilo crissalis,Emberizidae,0,52,SHRUB,SEEDS,CHAP,0
391,2004,Pipilo crissalis,Emberizidae,0,52,SHRUB,SEEDS,CHAP,0
415,2004,Pipilo crissalis,Emberizidae,1,52,SHRUB,SEEDS,CHAP,0
437,2004,Pipilo crissalis,Emberizidae,0,52,SHRUB,SEEDS,CHAP,0
441,2004,Pipilo crissalis,Emberizidae,0,52,SHRUB,SEEDS,CHAP,0
651,2004,Pipilo crissalis,Emberizidae,0,52,SHRUB,SEEDS,CHAP,0
414,2004,Callipepla californica,Phasianidae,0,185,GROUND,SEEDS,CHAP,0
504,2004,Toxostoma redivivum,Mimidae,0,85.5,SHRUB,INSECTS,CHAP,0
518,2004,Toxostoma redivivum,Mimidae,1,85.5,SHRUB,INSECTS,CHAP,0
546,2004,Toxostoma redivivum,Mimidae,0,85.5,SHRUB,INSECTS,CHAP,0
580,2004,Toxostoma redivivum,Mimidae,1,85.5,SHRUB,INSECTS,CHAP,1
621,2004,Toxostoma redivivum,Mimidae,0,85.5,SHRUB,INSECTS,CHAP,0
47,2003,Vireo cassinii,Vireonidae,0,15.5,TREE,INSECTS,XW,0
48,2003,Vireo cassinii,Vireonidae,1,15.5,TREE,INSECTS,XW,0
98,2003,Vireo cassinii,Vireonidae,0,15.5,TREE,INSECTS,XW,0
113,2003,Vireo cassinii,Vireonidae,0,15.5,TREE,INSECTS,XW,0
171,2003,Vireo cassinii,Vireonidae,0,15.5,TREE,INSECTS,XW,1
473,2004,Vireo cassinii,Vireonidae,0,15.5,TREE,INSECTS,XW,0
482,2004,Vireo cassinii,Vireonidae,0,15.5,TREE,INSECTS,XW,1
527,2004,Vireo cassinii,Vireonidae,0,15.5,TREE,INSECTS,XW,0
529,2004,Vireo cassinii,Vireonidae,0,15.5,TREE,INSECTS,XW,0
614,2004,Vireo cassinii,Vireonidae,0,15.5,TREE,INSECTS,XW,0
38,2003,Spizella passerina,Emberizidae,2,13.5,SHRUB,SEEDS,OAKW,0
135,2003,Spizella passerina,Emberizidae,1,13.5,SHRUB,SEEDS,OAKW,1
300,2003,Spizella passerina,Emberizidae,0,13.5,SHRUB,SEEDS,OAKW,0
302,2003,Spizella passerina,Emberizidae,0,13.5,SHRUB,SEEDS,OAKW,1
431,2004,Spizella passerina,Emberizidae,0,13.5,SHRUB,SEEDS,OAKW,0
2,2003,Junco hyemalis,Emberizidae,1,24,GROUND,SEEDS,XW,0
7,2003,Junco hyemalis,Emberizidae,0,24,GROUND,SEEDS,XW,0
17,2003,Junco hyemalis,Emberizidae,0,24,GROUND,SEEDS,XW,0
77,2003,Junco hyemalis,Emberizidae,5,24,GROUND,SEEDS,XW,1
78,2003,Junco hyemalis,Emberizidae,1,24,GROUND,SEEDS,XW,0
118,2003,Junco hyemalis,Emberizidae,1,24,GROUND,SEEDS,XW,0
119,2003,Junco hyemalis,Emberizidae,2,24,GROUND,SEEDS,XW,0
120,2003,Junco hyemalis,Emberizidae,3,24,GROUND,SEEDS,XW,0
122,2003,Junco hyemalis,Emberizidae,0,24,GROUND,SEEDS,XW,0
141,2003,Junco hyemalis,Emberizidae,1,24,GROUND,SEEDS,XW,0
142,2003,Junco hyemalis,Emberizidae,0,24,GROUND,SEEDS,XW,0
187,2003,Junco hyemalis,Emberizidae,3,24,GROUND,SEEDS,XW,0
188,2003,Junco hyemalis,Emberizidae,3,24,GROUND,SEEDS,XW,0
204,2003,Junco hyemalis,Emberizidae,3,24,GROUND,SEEDS,XW,1
206,2003,Junco hyemalis,Emberizidae,2,24,GROUND,SEEDS,XW,0
207,2003,Junco hyemalis,Emberizidae,0,24,GROUND,SEEDS,XW,0
208,2003,Junco hyemalis,Emberizidae,1,24,GROUND,SEEDS,XW,0
209,2003,Junco hyemalis,Emberizidae,0,24,GROUND,SEEDS,XW,0
210,2003,Junco hyemalis,Emberizidae,1,24,GROUND,SEEDS,XW,0
215,2003,Junco hyemalis,Emberizidae,0,24,GROUND,SEEDS,XW,0
216,2003,Junco hyemalis,Emberizidae,1,24,GROUND,SEEDS,XW,1
273,2003,Junco hyemalis,Emberizidae,0,24,GROUND,SEEDS,XW,0
382,2004,Junco hyemalis,Emberizidae,1,24,GROUND,SEEDS,XW,1
388,2004,Junco hyemalis,Emberizidae,0,24,GROUND,SEEDS,XW,0
468,2004,Junco hyemalis,Emberizidae,1,24,GROUND,SEEDS,XW,0
531,2004,Junco hyemalis,Emberizidae,0,24,GROUND,SEEDS,XW,0
534,2004,Junco hyemalis,Emberizidae,0,24,GROUND,SEEDS,XW,0
547,2004,Junco hyemalis,Emberizidae,0,24,GROUND,SEEDS,XW,0
553,2004,Junco hyemalis,Emberizidae,0,24,GROUND,SEEDS,XW,0
554,2004,Junco hyemalis,Emberizidae,0,24,GROUND,SEEDS,XW,0
555,2004,Junco hyemalis,Emberizidae,0,24,GROUND,SEEDS,XW,0
561,2004,Junco hyemalis,Emberizidae,0,24,GROUND,SEEDS,XW,0
564,2004,Junco hyemalis,Emberizidae,3,24,GROUND,SEEDS,XW,0
565,2004,Junco hyemalis,Emberizidae,1,24,GROUND,SEEDS,XW,0
569,2004,Junco hyemalis,Emberizidae,1,24,GROUND,SEEDS,XW,0
570,2004,Junco hyemalis,Emberizidae,0,24,GROUND,SEEDS,XW,0
571,2004,Junco hyemalis,Emberizidae,0,24,GROUND,SEEDS,XW,0
572,2004,Junco hyemalis,Emberizidae,0,24,GROUND,SEEDS,XW,0
573,2004,Junco hyemalis,Emberizidae,0,24,GROUND,SEEDS,XW,0
574,2004,Junco hyemalis,Emberizidae,0,24,GROUND,SEEDS,XW,0
581,2004,Junco hyemalis,Emberizidae,1,24,GROUND,SEEDS,XW,0
583,2004,Junco hyemalis,Emberizidae,0,24,GROUND,SEEDS,XW,0
599,2004,Junco hyemalis,Emberizidae,0,24,GROUND,SEEDS,XW,0
600,2004,Junco hyemalis,Emberizidae,0,24,GROUND,SEEDS,XW,0
604,2004,Junco hyemalis,Emberizidae,0,24,GROUND,SEEDS,XW,0
605,2004,Junco hyemalis,Emberizidae,0,24,GROUND,SEEDS,XW,0
607,2004,Junco hyemalis,Emberizidae,0,24,GROUND,SEEDS,XW,0
609,2004,Junco hyemalis,Emberizidae,0,24,GROUND,SEEDS,XW,0
616,2004,Junco hyemalis,Emberizidae,0,24,GROUND,SEEDS,XW,0
622,2004,Junco hyemalis,Emberizidae,0,24,GROUND,SEEDS,XW,0
623,2004,Junco hyemalis,Emberizidae,0,24,GROUND,SEEDS,XW,0
624,2004,Junco hyemalis,Emberizidae,0,24,GROUND,SEEDS,XW,0
634,2004,Junco hyemalis,Emberizidae,0,24,GROUND,SEEDS,XW,0
635,2004,Junco hyemalis,Emberizidae,0,24,GROUND,SEEDS,XW,0
636,2004,Junco hyemalis,Emberizidae,0,24,GROUND,SEEDS,XW,0
638,2004,Junco hyemalis,Emberizidae,0,24,GROUND,SEEDS,XW,0
648,2004,Junco hyemalis,Emberizidae,0,24,GROUND,SEEDS,XW,1
674,2004,Junco hyemalis,Emberizidae,0,24,GROUND,SEEDS,XW,0
545,2004,Picoides pubescens,Picidae,0,24.5,CAVITY,INSECTS,XW,0
568,2004,Sturnus vulgaris,Sturnidae,0,78,CAVITY,INSECTS,GRASS,0
410,2004,Passerella iliaca,Emberizidae,1,35.3,GROUND,INSECTS,XW,0
383,2004,Zonotrichia atricapilla,Emberizidae,0,31.5,GROUND,INSECTS,CHAP,0
384,2004,Zonotrichia atricapilla,Emberizidae,0,31.5,GROUND,INSECTS,CHAP,1
386,2004,Zonotrichia atricapilla,Emberizidae,1,31.5,GROUND,INSECTS,CHAP,1
387,2004,Zonotrichia atricapilla,Emberizidae,0,31.5,GROUND,INSECTS,CHAP,0
389,2004,Zonotrichia atricapilla,Emberizidae,0,31.5,GROUND,INSECTS,CHAP,0
390,2004,Zonotrichia atricapilla,Emberizidae,0,31.5,GROUND,INSECTS,CHAP,0
392,2004,Zonotrichia atricapilla,Emberizidae,0,31.5,GROUND,INSECTS,CHAP,0
398,2004,Zonotrichia atricapilla,Emberizidae,0,31.5,GROUND,INSECTS,CHAP,0
399,2004,Zonotrichia atricapilla,Emberizidae,0,31.5,GROUND,INSECTS,CHAP,0
400,2004,Zonotrichia atricapilla,Emberizidae,0,31.5,GROUND,INSECTS,CHAP,0
401,2004,Zonotrichia atricapilla,Emberizidae,0,31.5,GROUND,INSECTS,CHAP,1
402,2004,Zonotrichia atricapilla,Emberizidae,1,31.5,GROUND,INSECTS,CHAP,1
411,2004,Zonotrichia atricapilla,Emberizidae,0,31.5,GROUND,INSECTS,CHAP,0
412,2004,Zonotrichia atricapilla,Emberizidae,0,31.5,GROUND,INSECTS,CHAP,0
258,2003,Troglodytes aedon,Troglodytidae,0,11,CAVITY,INSECTS,OAKW,0
509,2004,Troglodytes aedon,Troglodytidae,12,11,CAVITY,INSECTS,OAKW,0
103,2003,Vireo huttoni,Vireonidae,1,12,TREE,INSECTS,XW,0
139,2003,Vireo huttoni,Vireonidae,0,12,TREE,INSECTS,XW,0
186,2003,Vireo huttoni,Vireonidae,0,12,TREE,INSECTS,XW,0
196,2003,Vireo huttoni,Vireonidae,0,12,TREE,INSECTS,XW,0
448,2004,Vireo huttoni,Vireonidae,0,12,TREE,INSECTS,XW,0
657,2004,Vireo huttoni,Vireonidae,0,12,TREE,INSECTS,XW,0
24,2003,Chondestes grammacus,Emberizidae,27,28.5,GROUND,SEEDS,GRASS,1
25,2003,Chondestes grammacus,Emberizidae,66,28.5,GROUND,SEEDS,GRASS,1
32,2003,Chondestes grammacus,Emberizidae,14,28.5,GROUND,SEEDS,GRASS,0
36,2003,Chondestes grammacus,Emberizidae,3,28.5,GROUND,SEEDS,GRASS,0
66,2003,Passerina amoena,Cardinalidae,0,15.5,SHRUB,INSECTS,OAKW,0
416,2004,Passerina amoena,Cardinalidae,0,15.5,SHRUB,INSECTS,OAKW,0
422,2004,Passerina amoena,Cardinalidae,0,15.5,SHRUB,INSECTS,OAKW,0
42,2003,Spinus psaltria,Passeridae,0,9.8,TREE,SEEDS,OAKW,0
59,2003,Spinus psaltria,Passeridae,0,9.8,TREE,SEEDS,OAKW,0
61,2003,Spinus psaltria,Passeridae,0,9.8,TREE,SEEDS,OAKW,0
62,2003,Spinus psaltria,Passeridae,0,9.8,TREE,SEEDS,OAKW,0
67,2003,Spinus psaltria,Passeridae,0,9.8,TREE,SEEDS,OAKW,0
68,2003,Spinus psaltria,Passeridae,0,9.8,TREE,SEEDS,OAKW,0
174,2003,Spinus psaltria,Passeridae,0,9.8,TREE,SEEDS,OAKW,0
197,2003,Spinus psaltria,Passeridae,0,9.8,TREE,SEEDS,OAKW,0
212,2003,Spinus psaltria,Passeridae,0,9.8,TREE,SEEDS,OAKW,0
221,2003,Spinus psaltria,Passeridae,0,9.8,TREE,SEEDS,OAKW,0
223,2003,Spinus psaltria,Passeridae,0,9.8,TREE,SEEDS,OAKW,0
235,2003,Spinus psaltria,Passeridae,0,9.8,TREE,SEEDS,OAKW,1
237,2003,Spinus psaltria,Passeridae,0,9.8,TREE,SEEDS,OAKW,0
238,2003,Spinus psaltria,Passeridae,0,9.8,TREE,SEEDS,OAKW,1
239,2003,Spinus psaltria,Passeridae,0,9.8,TREE,SEEDS,OAKW,0
240,2003,Spinus psaltria,Passeridae,0,9.8,TREE,SEEDS,OAKW,1
241,2003,Spinus psaltria,Passeridae,0,9.8,TREE,SEEDS,OAKW,0
242,2003,Spinus psaltria,Passeridae,0,9.8,TREE,SEEDS,OAKW,0
243,2003,Spinus psaltria,Passeridae,0,9.8,TREE,SEEDS,OAKW,0
245,2003,Spinus psaltria,Passeridae,0,9.8,TREE,SEEDS,OAKW,1
252,2003,Spinus psaltria,Passeridae,0,9.8,TREE,SEEDS,OAKW,1
253,2003,Spinus psaltria,Passeridae,0,9.8,TREE,SEEDS,OAKW,0
254,2003,Spinus psaltria,Passeridae,0,9.8,TREE,SEEDS,OAKW,0
255,2003,Spinus psaltria,Passeridae,0,9.8,TREE,SEEDS,OAKW,0
256,2003,Spinus psaltria,Passeridae,0,9.8,TREE,SEEDS,OAKW,0
261,2003,Spinus psaltria,Passeridae,0,9.8,TREE,SEEDS,OAKW,0
262,2003,Spinus psaltria,Passeridae,0,9.8,TREE,SEEDS,OAKW,0
263,2003,Spinus psaltria,Passeridae,0,9.8,TREE,SEEDS,OAKW,1
264,2003,Spinus psaltria,Passeridae,0,9.8,TREE,SEEDS,OAKW,0
265,2003,Spinus psaltria,Passeridae,0,9.8,TREE,SEEDS,OAKW,0
266,2003,Spinus psaltria,Passeridae,0,9.8,TREE,SEEDS,OAKW,0
315,2003,Spinus psaltria,Passeridae,0,9.8,TREE,SEEDS,OAKW,0
321,2003,Spinus psaltria,Passeridae,0,9.8,TREE,SEEDS,OAKW,0
397,2004,Spinus psaltria,Passeridae,0,9.8,TREE,SEEDS,OAKW,0
434,2004,Spinus psaltria,Passeridae,0,9.8,TREE,SEEDS,OAKW,0
439,2004,Spinus psaltria,Passeridae,0,9.8,TREE,SEEDS,OAKW,0
445,2004,Spinus psaltria,Passeridae,0,9.8,TREE,SEEDS,OAKW,0
446,2004,Spinus psaltria,Passeridae,0,9.8,TREE,SEEDS,OAKW,0
447,2004,Spinus psaltria,Passeridae,0,9.8,TREE,SEEDS,OAKW,0
449,2004,Spinus psaltria,Passeridae,0,9.8,TREE,SEEDS,OAKW,0
450,2004,Spinus psaltria,Passeridae,0,9.8,TREE,SEEDS,OAKW,0
451,2004,Spinus psaltria,Passeridae,0,9.8,TREE,SEEDS,OAKW,0
452,2004,Spinus psaltria,Passeridae,0,9.8,TREE,SEEDS,OAKW,1
454,2004,Spinus psaltria,Passeridae,0,9.8,TREE,SEEDS,OAKW,0
461,2004,Spinus psaltria,Passeridae,0,9.8,TREE,SEEDS,OAKW,0
462,2004,Spinus psaltria,Passeridae,0,9.8,TREE,SEEDS,OAKW,0
463,2004,Spinus psaltria,Passeridae,0,9.8,TREE,SEEDS,OAKW,0
481,2004,Spinus psaltria,Passeridae,0,9.8,TREE,SEEDS,OAKW,0
485,2004,Spinus psaltria,Passeridae,0,9.8,TREE,SEEDS,OAKW,0
486,2004,Spinus psaltria,Passeridae,0,9.8,TREE,SEEDS,OAKW,0
487,2004,Spinus psaltria,Passeridae,0,9.8,TREE,SEEDS,OAKW,0
488,2004,Spinus psaltria,Passeridae,0,9.8,TREE,SEEDS,OAKW,0
491,2004,Spinus psaltria,Passeridae,0,9.8,TREE,SEEDS,OAKW,0
492,2004,Spinus psaltria,Passeridae,0,9.8,TREE,SEEDS,OAKW,0
493,2004,Spinus psaltria,Passeridae,0,9.8,TREE,SEEDS,OAKW,1
494,2004,Spinus psaltria,Passeridae,0,9.8,TREE,SEEDS,OAKW,0
515,2004,Spinus psaltria,Passeridae,0,9.8,TREE,SEEDS,OAKW,0
516,2004,Spinus psaltria,Passeridae,0,9.8,TREE,SEEDS,OAKW,0
517,2004,Spinus psaltria,Passeridae,0,9.8,TREE,SEEDS,OAKW,0
521,2004,Spinus psaltria,Passeridae,0,9.8,TREE,SEEDS,OAKW,0
522,2004,Spinus psaltria,Passeridae,0,9.8,TREE,SEEDS,OAKW,0
523,2004,Spinus psaltria,Passeridae,0,9.8,TREE,SEEDS,OAKW,0
530,2004,Spinus psaltria,Passeridae,0,9.8,TREE,SEEDS,OAKW,0
532,2004,Spinus psaltria,Passeridae,0,9.8,TREE,SEEDS,OAKW,0
537,2004,Spinus psaltria,Passeridae,0,9.8,TREE,SEEDS,OAKW,0
538,2004,Spinus psaltria,Passeridae,0,9.8,TREE,SEEDS,OAKW,0
539,2004,Spinus psaltria,Passeridae,0,9.8,TREE,SEEDS,OAKW,0
550,2004,Spinus psaltria,Passeridae,0,9.8,TREE,SEEDS,OAKW,0
566,2004,Spinus psaltria,Passeridae,0,9.8,TREE,SEEDS,OAKW,0
587,2004,Spinus psaltria,Passeridae,0,9.8,TREE,SEEDS,OAKW,0
588,2004,Spinus psaltria,Passeridae,0,9.8,TREE,SEEDS,OAKW,0
589,2004,Spinus psaltria,Passeridae,0,9.8,TREE,SEEDS,OAKW,0
594,2004,Spinus psaltria,Passeridae,0,9.8,TREE,SEEDS,OAKW,0
595,2004,Spinus psaltria,Passeridae,0,9.8,TREE,SEEDS,OAKW,0
596,2004,Spinus psaltria,Passeridae,0,9.8,TREE,SEEDS,OAKW,0
617,2004,Spinus psaltria,Passeridae,0,9.8,TREE,SEEDS,OAKW,0
626,2004,Spinus psaltria,Passeridae,0,9.8,TREE,SEEDS,OAKW,0
627,2004,Spinus psaltria,Passeridae,0,9.8,TREE,SEEDS,OAKW,0
628,2004,Spinus psaltria,Passeridae,0,9.8,TREE,SEEDS,OAKW,0
629,2004,Spinus psaltria,Passeridae,0,9.8,TREE,SEEDS,OAKW,0
630,2004,Spinus psaltria,Passeridae,0,9.8,TREE,SEEDS,OAKW,0
631,2004,Spinus psaltria,Passeridae,0,9.8,TREE,SEEDS,OAKW,0
632,2004,Spinus psaltria,Passeridae,0,9.8,TREE,SEEDS,OAKW,0
633,2004,Spinus psaltria,Passeridae,0,9.8,TREE,SEEDS,OAKW,0
639,2004,Spinus psaltria,Passeridae,0,9.8,TREE,SEEDS,OAKW,0
640,2004,Spinus psaltria,Passeridae,0,9.8,TREE,SEEDS,OAKW,0
641,2004,Spinus psaltria,Passeridae,0,9.8,TREE,SEEDS,OAKW,0
642,2004,Spinus psaltria,Passeridae,0,9.8,TREE,SEEDS,OAKW,0
643,2004,Spinus psaltria,Passeridae,0,9.8,TREE,SEEDS,OAKW,0
644,2004,Spinus psaltria,Passeridae,0,9.8,TREE,SEEDS,OAKW,0
645,2004,Spinus psaltria,Passeridae,0,9.8,TREE,SEEDS,OAKW,0
649,2004,Spinus psaltria,Passeridae,0,9.8,TREE,SEEDS,OAKW,0
656,2004,Spinus psaltria,Passeridae,0,9.8,TREE,SEEDS,OAKW,0
660,2004,Spinus psaltria,Passeridae,0,9.8,TREE,SEEDS,OAKW,0
661,2004,Spinus psaltria,Passeridae,0,9.8,TREE,SEEDS,OAKW,0
671,2004,Spinus psaltria,Passeridae,0,9.8,TREE,SEEDS,OAKW,0
678,2004,Spinus psaltria,Passeridae,0,9.8,TREE,SEEDS,OAKW,0
679,2004,Spinus psaltria,Passeridae,0,9.8,TREE,SEEDS,OAKW,0
680,2004,Spinus psaltria,Passeridae,0,9.8,TREE,SEEDS,OAKW,0
682,2004,Spinus psaltria,Passeridae,0,9.8,TREE,SEEDS,OAKW,0
406,2004,Melospiza lincolnii,Emberizidae,1,18,GROUND,INSECTS,CHAP,0
163,2003,Vermivora ruficapilla,Parulidae,0,9.5,GROUND,INSECTS,XW,0
178,2003,Vermivora ruficapilla,Parulidae,0,9.5,GROUND,INSECTS,XW,0
35,2003,Colaptes auratus,Picidae,1,135,CAVITY,INSECTS,OAKW,0
110,2003,Colaptes auratus,Picidae,0,135,CAVITY,INSECTS,OAKW,0
143,2003,Colaptes auratus,Picidae,0,135,CAVITY,INSECTS,OAKW,0
670,2004,Colaptes auratus,Picidae,0,135,CAVITY,INSECTS,OAKW,0
37,2003,Picoides nuttallii,Picidae,0,37.5,CAVITY,INSECTS,OAKW,0
274,2003,Picoides nuttallii,Picidae,0,37.5,CAVITY,INSECTS,OAKW,0
305,2003,Picoides nuttallii,Picidae,0,37.5,CAVITY,INSECTS,OAKW,0
306,2003,Picoides nuttallii,Picidae,0,37.5,CAVITY,INSECTS,OAKW,0
429,2004,Picoides nuttallii,Picidae,0,37.5,CAVITY,INSECTS,OAKW,0
455,2004,Picoides nuttallii,Picidae,0,37.5,CAVITY,INSECTS,OAKW,0
576,2004,Picoides nuttallii,Picidae,0,37.5,CAVITY,INSECTS,OAKW,0
4,2003,Baeolophus inornatus,Paridae,0,15.5,CAVITY,INSECTS,OAKW,0
16,2003,Baeolophus inornatus,Paridae,0,15.5,CAVITY,INSECTS,OAKW,0
19,2003,Baeolophus inornatus,Paridae,1,15.5,CAVITY,INSECTS,OAKW,1
21,2003,Baeolophus inornatus,Paridae,0,15.5,CAVITY,INSECTS,OAKW,0
22,2003,Baeolophus inornatus,Paridae,0,15.5,CAVITY,INSECTS,OAKW,0
23,2003,Baeolophus inornatus,Paridae,1,15.5,CAVITY,INSECTS,OAKW,0
40,2003,Baeolophus inornatus,Paridae,0,15.5,CAVITY,INSECTS,OAKW,0
46,2003,Baeolophus inornatus,Paridae,0,15.5,CAVITY,INSECTS,OAKW,0
55,2003,Baeolophus inornatus,Paridae,1,15.5,CAVITY,INSECTS,OAKW,0
65,2003,Baeolophus inornatus,Paridae,3,15.5,CAVITY,INSECTS,OAKW,0
72,2003,Baeolophus inornatus,Paridae,0,15.5,CAVITY,INSECTS,OAKW,1
73,2003,Baeolophus inornatus,Paridae,0,15.5,CAVITY,INSECTS,OAKW,0
74,2003,Baeolophus inornatus,Paridae,0,15.5,CAVITY,INSECTS,OAKW,0
89,2003,Baeolophus inornatus,Paridae,0,15.5,CAVITY,INSECTS,OAKW,1
90,2003,Baeolophus inornatus,Paridae,7,15.5,CAVITY,INSECTS,OAKW,0
94,2003,Baeolophus inornatus,Paridae,1,15.5,CAVITY,INSECTS,OAKW,0
97,2003,Baeolophus inornatus,Paridae,4,15.5,CAVITY,INSECTS,OAKW,0
99,2003,Baeolophus inornatus,Paridae,0,15.5,CAVITY,INSECTS,OAKW,1
104,2003,Baeolophus inornatus,Paridae,1,15.5,CAVITY,INSECTS,OAKW,0
105,2003,Baeolophus inornatus,Paridae,0,15.5,CAVITY,INSECTS,OAKW,0
107,2003,Baeolophus inornatus,Paridae,0,15.5,CAVITY,INSECTS,OAKW,1
108,2003,Baeolophus inornatus,Paridae,1,15.5,CAVITY,INSECTS,OAKW,0
115,2003,Baeolophus inornatus,Paridae,2,15.5,CAVITY,INSECTS,OAKW,0
116,2003,Baeolophus inornatus,Paridae,0,15.5,CAVITY,INSECTS,OAKW,0
125,2003,Baeolophus inornatus,Paridae,1,15.5,CAVITY,INSECTS,OAKW,0
126,2003,Baeolophus inornatus,Paridae,0,15.5,CAVITY,INSECTS,OAKW,0
134,2003,Baeolophus inornatus,Paridae,1,15.5,CAVITY,INSECTS,OAKW,0
136,2003,Baeolophus inornatus,Paridae,3,15.5,CAVITY,INSECTS,OAKW,0
137,2003,Baeolophus inornatus,Paridae,0,15.5,CAVITY,INSECTS,OAKW,0
140,2003,Baeolophus inornatus,Paridae,1,15.5,CAVITY,INSECTS,OAKW,0
146,2003,Baeolophus inornatus,Paridae,0,15.5,CAVITY,INSECTS,OAKW,0
156,2003,Baeolophus inornatus,Paridae,0,15.5,CAVITY,INSECTS,OAKW,0
157,2003,Baeolophus inornatus,Paridae,0,15.5,CAVITY,INSECTS,OAKW,0
158,2003,Baeolophus inornatus,Paridae,0,15.5,CAVITY,INSECTS,OAKW,0
168,2003,Baeolophus inornatus,Paridae,0,15.5,CAVITY,INSECTS,OAKW,0
172,2003,Baeolophus inornatus,Paridae,1,15.5,CAVITY,INSECTS,OAKW,0
192,2003,Baeolophus inornatus,Paridae,2,15.5,CAVITY,INSECTS,OAKW,0
193,2003,Baeolophus inornatus,Paridae,0,15.5,CAVITY,INSECTS,OAKW,0
194,2003,Baeolophus inornatus,Paridae,0,15.5,CAVITY,INSECTS,OAKW,0
203,2003,Baeolophus inornatus,Paridae,0,15.5,CAVITY,INSECTS,OAKW,0
213,2003,Baeolophus inornatus,Paridae,0,15.5,CAVITY,INSECTS,OAKW,1
226,2003,Baeolophus inornatus,Paridae,0,15.5,CAVITY,INSECTS,OAKW,0
230,2003,Baeolophus inornatus,Paridae,1,15.5,CAVITY,INSECTS,OAKW,0
231,2003,Baeolophus inornatus,Paridae,1,15.5,CAVITY,INSECTS,OAKW,0
249,2003,Baeolophus inornatus,Paridae,0,15.5,CAVITY,INSECTS,OAKW,0
251,2003,Baeolophus inornatus,Paridae,0,15.5,CAVITY,INSECTS,OAKW,1
267,2003,Baeolophus inornatus,Paridae,0,15.5,CAVITY,INSECTS,OAKW,0
271,2003,Baeolophus inornatus,Paridae,0,15.5,CAVITY,INSECTS,OAKW,0
272,2003,Baeolophus inornatus,Paridae,0,15.5,CAVITY,INSECTS,OAKW,1
275,2003,Baeolophus inornatus,Paridae,0,15.5,CAVITY,INSECTS,OAKW,0
280,2003,Baeolophus inornatus,Paridae,0,15.5,CAVITY,INSECTS,OAKW,0
281,2003,Baeolophus inornatus,Paridae,0,15.5,CAVITY,INSECTS,OAKW,0
298,2003,Baeolophus inornatus,Paridae,0,15.5,CAVITY,INSECTS,OAKW,0
299,2003,Baeolophus inornatus,Paridae,0,15.5,CAVITY,INSECTS,OAKW,1
304,2003,Baeolophus inornatus,Paridae,0,15.5,CAVITY,INSECTS,OAKW,0
307,2003,Baeolophus inornatus,Paridae,0,15.5,CAVITY,INSECTS,OAKW,0
312,2003,Baeolophus inornatus,Paridae,0,15.5,CAVITY,INSECTS,OAKW,1
313,2003,Baeolophus inornatus,Paridae,0,15.5,CAVITY,INSECTS,OAKW,0
316,2003,Baeolophus inornatus,Paridae,0,15.5,CAVITY,INSECTS,OAKW,0
385,2004,Baeolophus inornatus,Paridae,0,15.5,CAVITY,INSECTS,OAKW,0
394,2004,Baeolophus inornatus,Paridae,0,15.5,CAVITY,INSECTS,OAKW,0
403,2004,Baeolophus inornatus,Paridae,1,15.5,CAVITY,INSECTS,OAKW,0
404,2004,Baeolophus inornatus,Paridae,0,15.5,CAVITY,INSECTS,OAKW,0
435,2004,Baeolophus inornatus,Paridae,0,15.5,CAVITY,INSECTS,OAKW,0
467,2004,Baeolophus inornatus,Paridae,0,15.5,CAVITY,INSECTS,OAKW,0
471,2004,Baeolophus inornatus,Paridae,0,15.5,CAVITY,INSECTS,OAKW,0
472,2004,Baeolophus inornatus,Paridae,0,15.5,CAVITY,INSECTS,OAKW,0
489,2004,Baeolophus inornatus,Paridae,0,15.5,CAVITY,INSECTS,OAKW,0
540,2004,Baeolophus inornatus,Paridae,0,15.5,CAVITY,INSECTS,OAKW,0
548,2004,Baeolophus inornatus,Paridae,0,15.5,CAVITY,INSECTS,OAKW,0
562,2004,Baeolophus inornatus,Paridae,0,15.5,CAVITY,INSECTS,OAKW,0
575,2004,Baeolophus inornatus,Paridae,0,15.5,CAVITY,INSECTS,OAKW,0
585,2004,Baeolophus inornatus,Paridae,0,15.5,CAVITY,INSECTS,OAKW,0
586,2004,Baeolophus inornatus,Paridae,0,15.5,CAVITY,INSECTS,OAKW,0
606,2004,Baeolophus inornatus,Paridae,0,15.5,CAVITY,INSECTS,OAKW,0
608,2004,Baeolophus inornatus,Paridae,0,15.5,CAVITY,INSECTS,OAKW,0
615,2004,Baeolophus inornatus,Paridae,0,15.5,CAVITY,INSECTS,OAKW,0
620,2004,Baeolophus inornatus,Paridae,0,15.5,CAVITY,INSECTS,OAKW,0
672,2004,Baeolophus inornatus,Paridae,0,15.5,CAVITY,INSECTS,OAKW,0
673,2004,Baeolophus inornatus,Paridae,0,15.5,CAVITY,INSECTS,OAKW,0
675,2004,Baeolophus inornatus,Paridae,0,15.5,CAVITY,INSECTS,OAKW,0
15,2003,Vermivora celata,Parulidae,0,9,GROUND,INSECTS,XW,0
44,2003,Vermivora celata,Parulidae,0,9,GROUND,INSECTS,XW,0
49,2003,Vermivora celata,Parulidae,0,9,GROUND,INSECTS,XW,0
58,2003,Vermivora celata,Parulidae,0,9,GROUND,INSECTS,XW,0
69,2003,Vermivora celata,Parulidae,0,9,GROUND,INSECTS,XW,0
70,2003,Vermivora celata,Parulidae,4,9,GROUND,INSECTS,XW,0
82,2003,Vermivora celata,Parulidae,0,9,GROUND,INSECTS,XW,0
83,2003,Vermivora celata,Parulidae,0,9,GROUND,INSECTS,XW,0
85,2003,Vermivora celata,Parulidae,1,9,GROUND,INSECTS,XW,1
86,2003,Vermivora celata,Parulidae,0,9,GROUND,INSECTS,XW,0
88,2003,Vermivora celata,Parulidae,0,9,GROUND,INSECTS,XW,1
100,2003,Vermivora celata,Parulidae,0,9,GROUND,INSECTS,XW,0
101,2003,Vermivora celata,Parulidae,0,9,GROUND,INSECTS,XW,0
102,2003,Vermivora celata,Parulidae,1,9,GROUND,INSECTS,XW,0
121,2003,Vermivora celata,Parulidae,0,9,GROUND,INSECTS,XW,1
129,2003,Vermivora celata,Parulidae,0,9,GROUND,INSECTS,XW,0
131,2003,Vermivora celata,Parulidae,1,9,GROUND,INSECTS,XW,0
132,2003,Vermivora celata,Parulidae,0,9,GROUND,INSECTS,XW,0
180,2003,Vermivora celata,Parulidae,0,9,GROUND,INSECTS,XW,0
405,2004,Vermivora celata,Parulidae,0,9,GROUND,INSECTS,XW,0
407,2004,Vermivora celata,Parulidae,0,9,GROUND,INSECTS,XW,0
417,2004,Vermivora celata,Parulidae,0,9,GROUND,INSECTS,XW,0
421,2004,Vermivora celata,Parulidae,0,9,GROUND,INSECTS,XW,0
427,2004,Vermivora celata,Parulidae,0,9,GROUND,INSECTS,XW,0
453,2004,Vermivora celata,Parulidae,0,9,GROUND,INSECTS,XW,1
464,2004,Vermivora celata,Parulidae,0,9,GROUND,INSECTS,XW,0
663,2004,Vermivora celata,Parulidae,0,9,GROUND,INSECTS,XW,0
664,2004,Vermivora celata,Parulidae,0,9,GROUND,INSECTS,XW,0
1,2003,Empidonax difficilis,Tyrannidae,0,10,CAVITY,INSECTS,XW,0
71,2003,Empidonax difficilis,Tyrannidae,0,10,CAVITY,INSECTS,XW,0
81,2003,Empidonax difficilis,Tyrannidae,0,10,CAVITY,INSECTS,XW,0
111,2003,Empidonax difficilis,Tyrannidae,0,10,CAVITY,INSECTS,XW,0
138,2003,Empidonax difficilis,Tyrannidae,0,10,CAVITY,INSECTS,XW,0
202,2003,Empidonax difficilis,Tyrannidae,0,10,CAVITY,INSECTS,XW,0
211,2003,Empidonax difficilis,Tyrannidae,0,10,CAVITY,INSECTS,XW,0
214,2003,Empidonax difficilis,Tyrannidae,0,10,CAVITY,INSECTS,XW,1
247,2003,Empidonax difficilis,Tyrannidae,0,10,CAVITY,INSECTS,XW,0
297,2003,Empidonax difficilis,Tyrannidae,0,10,CAVITY,INSECTS,XW,0
317,2003,Empidonax difficilis,Tyrannidae,0,10,CAVITY,INSECTS,XW,0
500,2004,Empidonax difficilis,Tyrannidae,0,10,CAVITY,INSECTS,XW,0
533,2004,Empidonax difficilis,Tyrannidae,0,10,CAVITY,INSECTS,XW,0
683,2004,Empidonax difficilis,Tyrannidae,1,10,CAVITY,INSECTS,XW,0
20,2003,Haemorhous purpureus,Fringillidae,0,25,TREE,SEEDS,XW,0
50,2003,Haemorhous purpureus,Fringillidae,0,25,TREE,SEEDS,XW,0
56,2003,Haemorhous purpureus,Fringillidae,1,25,TREE,SEEDS,XW,0
147,2003,Haemorhous purpureus,Fringillidae,0,25,TREE,SEEDS,XW,0
179,2003,Haemorhous purpureus,Fringillidae,0,25,TREE,SEEDS,XW,1
236,2003,Haemorhous purpureus,Fringillidae,0,25,TREE,SEEDS,XW,0
244,2003,Haemorhous purpureus,Fringillidae,0,25,TREE,SEEDS,XW,1
248,2003,Haemorhous purpureus,Fringillidae,0,25,TREE,SEEDS,XW,0
260,2003,Haemorhous purpureus,Fringillidae,0,25,TREE,SEEDS,XW,0
269,2003,Haemorhous purpureus,Fringillidae,0,25,TREE,SEEDS,XW,0
484,2004,Haemorhous purpureus,Fringillidae,0,25,TREE,SEEDS,XW,0
646,2004,Haemorhous purpureus,Fringillidae,0,25,TREE,SEEDS,XW,0
652,2004,Haemorhous purpureus,Fringillidae,0,25,TREE,SEEDS,XW,0
584,2004,Aimophila ruficeps,Emberizidae,0,19.3,GROUND,SEEDS,CHAP,0
611,2004,Vireo olivaceus,Vireonidae,0,19,TREE,INSECTS,N/A,0
189,2003,Agelaius phoeniceus,Icteridae,0,54.5,SHRUB,INSECTS,GRASS,0
190,2003,Agelaius phoeniceus,Icteridae,0,54.5,SHRUB,INSECTS,GRASS,1
191,2003,Agelaius phoeniceus,Icteridae,0,54.5,SHRUB,INSECTS,GRASS,0
396,2004,Artemisiospiza belli,Emberizidae,0,18.5,SHRUB,INSECTS,CHAP,0
477,2004,Artemisiospiza belli,Emberizidae,1,18.5,SHRUB,INSECTS,CHAP,0
577,2004,Artemisiospiza belli,Emberizidae,0,18.5,SHRUB,INSECTS,CHAP,0
619,2004,Artemisiospiza belli,Emberizidae,0,18.5,SHRUB,INSECTS,CHAP,0
6,2003,Melospiza melodia,Emberizidae,0,32.5,SHRUB,INSECTS,OAKW,0
182,2003,Melospiza melodia,Emberizidae,0,32.5,SHRUB,INSECTS,OAKW,0
185,2003,Melospiza melodia,Emberizidae,0,32.5,SHRUB,INSECTS,OAKW,0
289,2003,Melospiza melodia,Emberizidae,0,32.5,SHRUB,INSECTS,OAKW,0
291,2003,Melospiza melodia,Emberizidae,0,32.5,SHRUB,INSECTS,OAKW,0
292,2003,Melospiza melodia,Emberizidae,0,32.5,SHRUB,INSECTS,OAKW,0
293,2003,Melospiza melodia,Emberizidae,0,32.5,SHRUB,INSECTS,OAKW,0
303,2003,Melospiza melodia,Emberizidae,0,32.5,SHRUB,INSECTS,OAKW,0
41,2003,Pipilo maculatus,Emberizidae,2,41,GROUND,OMNIVORE,CHAP,1
45,2003,Pipilo maculatus,Emberizidae,0,41,GROUND,OMNIVORE,CHAP,0
54,2003,Pipilo maculatus,Emberizidae,0,41,GROUND,OMNIVORE,CHAP,0
93,2003,Pipilo maculatus,Emberizidae,0,41,GROUND,OMNIVORE,CHAP,0
112,2003,Pipilo maculatus,Emberizidae,0,41,GROUND,OMNIVORE,CHAP,0
161,2003,Pipilo maculatus,Emberizidae,0,41,GROUND,OMNIVORE,CHAP,0
519,2004,Pipilo maculatus,Emberizidae,0,41,GROUND,OMNIVORE,CHAP,0
84,2003,Cyanocitta stelleri,Corvidae,10,120,TREE,OMNIVORE,XW,0
228,2003,Cyanocitta stelleri,Corvidae,1,120,TREE,OMNIVORE,XW,0
229,2003,Cyanocitta stelleri,Corvidae,2,120,TREE,OMNIVORE,XW,1
233,2003,Cyanocitta stelleri,Corvidae,1,120,TREE,OMNIVORE,XW,0
5,2003,Catharus ustulatus,Turdidae,0,34,SHRUB,INSECTS,XW,0
26,2003,Tachycineta thalassina,Hirundinidae,0,14,CAVITY,INSECTS,OAKW,0
27,2003,Tachycineta thalassina,Hirundinidae,0,14,CAVITY,INSECTS,OAKW,0
31,2003,Tachycineta thalassina,Hirundinidae,0,14,CAVITY,INSECTS,OAKW,0
395,2004,Tachycineta thalassina,Hirundinidae,0,14,CAVITY,INSECTS,OAKW,0
423,2004,Tachycineta thalassina,Hirundinidae,0,14,CAVITY,INSECTS,OAKW,0
507,2004,Tachycineta thalassina,Hirundinidae,0,14,CAVITY,INSECTS,OAKW,0
520,2004,Tachycineta thalassina,Hirundinidae,0,14,CAVITY,INSECTS,OAKW,0
525,2004,Tachycineta thalassina,Hirundinidae,0,14,CAVITY,INSECTS,OAKW,0
526,2004,Tachycineta thalassina,Hirundinidae,0,14,CAVITY,INSECTS,OAKW,0
39,2003,Vireo gilvus,Vireonidae,0,13,TREE,INSECTS,OAKW,0
57,2003,Vireo gilvus,Vireonidae,3,13,TREE,INSECTS,OAKW,0
114,2003,Vireo gilvus,Vireonidae,0,13,TREE,INSECTS,OAKW,0
124,2003,Vireo gilvus,Vireonidae,0,13,TREE,INSECTS,OAKW,0
145,2003,Vireo gilvus,Vireonidae,0,13,TREE,INSECTS,OAKW,0
149,2003,Vireo gilvus,Vireonidae,0,13,TREE,INSECTS,OAKW,1
151,2003,Vireo gilvus,Vireonidae,0,13,TREE,INSECTS,OAKW,0
160,2003,Vireo gilvus,Vireonidae,0,13,TREE,INSECTS,OAKW,0
162,2003,Vireo gilvus,Vireonidae,0,13,TREE,INSECTS,OAKW,0
175,2003,Vireo gilvus,Vireonidae,0,13,TREE,INSECTS,OAKW,0
246,2003,Vireo gilvus,Vireonidae,0,13,TREE,INSECTS,OAKW,0
259,2003,Vireo gilvus,Vireonidae,0,13,TREE,INSECTS,OAKW,0
270,2003,Vireo gilvus,Vireonidae,0,13,TREE,INSECTS,OAKW,1
301,2003,Vireo gilvus,Vireonidae,0,13,TREE,INSECTS,OAKW,0
418,2004,Vireo gilvus,Vireonidae,0,13,TREE,INSECTS,OAKW,0
424,2004,Vireo gilvus,Vireonidae,0,13,TREE,INSECTS,OAKW,0
425,2004,Vireo gilvus,Vireonidae,0,13,TREE,INSECTS,OAKW,0
433,2004,Vireo gilvus,Vireonidae,0,13,TREE,INSECTS,OAKW,0
513,2004,Vireo gilvus,Vireonidae,0,13,TREE,INSECTS,OAKW,0
610,2004,Vireo gilvus,Vireonidae,0,13,TREE,INSECTS,OAKW,0
653,2004,Vireo gilvus,Vireonidae,0,13,TREE,INSECTS,OAKW,0
654,2004,Vireo gilvus,Vireonidae,0,13,TREE,INSECTS,OAKW,0
655,2004,Vireo gilvus,Vireonidae,0,13,TREE,INSECTS,OAKW,0
666,2004,Vireo gilvus,Vireonidae,0,13,TREE,INSECTS,OAKW,0
667,2004,Vireo gilvus,Vireonidae,0,13,TREE,INSECTS,OAKW,0
668,2004,Vireo gilvus,Vireonidae,0,13,TREE,INSECTS,OAKW,0
669,2004,Vireo gilvus,Vireonidae,0,13,TREE,INSECTS,OAKW,0
681,2004,Vireo gilvus,Vireonidae,0,13,TREE,INSECTS,OAKW,0
150,2003,Sitta carolinensis,Sittidae,0,24,CAVITY,INSECTS,XW,0
183,2003,Sitta carolinensis,Sittidae,0,24,CAVITY,INSECTS,XW,0
184,2003,Sitta carolinensis,Sittidae,0,24,CAVITY,INSECTS,XW,0
219,2003,Sitta carolinensis,Sittidae,0,24,CAVITY,INSECTS,XW,0
220,2003,Sitta carolinensis,Sittidae,0,24,CAVITY,INSECTS,XW,1
309,2003,Sitta carolinensis,Sittidae,1,24,CAVITY,INSECTS,XW,0
409,2004,Sitta carolinensis,Sittidae,2,24,CAVITY,INSECTS,XW,0
549,2004,Sitta carolinensis,Sittidae,0,24,CAVITY,INSECTS,XW,0
169,2003,Sialia mexicana,Turdidae,0,27.5,CAVITY,INSECTS,OAKW,0
170,2003,Sialia mexicana,Turdidae,1,27.5,CAVITY,INSECTS,OAKW,1
257,2003,Sialia mexicana,Turdidae,0,27.5,CAVITY,INSECTS,OAKW,0
469,2004,Sialia mexicana,Turdidae,0,27.5,CAVITY,INSECTS,OAKW,0
480,2004,Sialia mexicana,Turdidae,1,27.5,CAVITY,INSECTS,OAKW,0
483,2004,Sialia mexicana,Turdidae,1,27.5,CAVITY,INSECTS,OAKW,1
590,2004,Sialia mexicana,Turdidae,0,27.5,CAVITY,INSECTS,OAKW,0
612,2004,Sialia mexicana,Turdidae,0,27.5,CAVITY,INSECTS,OAKW,0
613,2004,Sialia mexicana,Turdidae,0,27.5,CAVITY,INSECTS,OAKW,0
637,2004,Sialia mexicana,Turdidae,0,27.5,CAVITY,INSECTS,OAKW,0
658,2004,Sialia mexicana,Turdidae,0,27.5,CAVITY,INSECTS,OAKW,0
659,2004,Sialia mexicana,Turdidae,0,27.5,CAVITY,INSECTS,OAKW,0
665,2004,Sialia mexicana,Turdidae,0,27.5,CAVITY,INSECTS,OAKW,0
218,2003,Aphelocoma californica,Corvidae,0,85,TREE,OMNIVORE,CHAP,0
393,2004,Aphelocoma californica,Corvidae,0,85,TREE,OMNIVORE,CHAP,0
80,2003,Otus kennicottii,Strigidae,2,202.5,CAVITY,MAMMALS,OAKW,0
18,2003,Piranga ludoviciana,Thraupidae,0,30,TREE,INSECTS,XW,0
296,2003,Piranga ludoviciana,Thraupidae,0,30,TREE,INSECTS,XW,1
308,2003,Piranga ludoviciana,Thraupidae,0,30,TREE,INSECTS,XW,0
470,2004,Piranga ludoviciana,Thraupidae,0,30,TREE,INSECTS,XW,0
234,2003,Contopus sordidulus,Tyrannidae,0,12.5,TREE,INSECTS,OAKW,1
276,2003,Contopus sordidulus,Tyrannidae,0,12.5,TREE,INSECTS,OAKW,0
295,2003,Contopus sordidulus,Tyrannidae,0,12.5,TREE,INSECTS,OAKW,0
14,2003,Chamaea fasciata,Timaliidae,0,14.5,SHRUB,INSECTS,CHAP,0
53,2003,Chamaea fasciata,Timaliidae,0,14.5,SHRUB,INSECTS,CHAP,0
60,2003,Chamaea fasciata,Timaliidae,1,14.5,SHRUB,INSECTS,CHAP,0
95,2003,Chamaea fasciata,Timaliidae,0,14.5,SHRUB,INSECTS,CHAP,0
96,2003,Chamaea fasciata,Timaliidae,0,14.5,SHRUB,INSECTS,CHAP,0
109,2003,Chamaea fasciata,Timaliidae,0,14.5,SHRUB,INSECTS,CHAP,0
117,2003,Chamaea fasciata,Timaliidae,0,14.5,SHRUB,INSECTS,CHAP,0
148,2003,Chamaea fasciata,Timaliidae,0,14.5,SHRUB,INSECTS,CHAP,0
152,2003,Chamaea fasciata,Timaliidae,0,14.5,SHRUB,INSECTS,CHAP,0
159,2003,Chamaea fasciata,Timaliidae,0,14.5,SHRUB,INSECTS,CHAP,0
167,2003,Chamaea fasciata,Timaliidae,0,14.5,SHRUB,INSECTS,CHAP,0
268,2003,Chamaea fasciata,Timaliidae,0,14.5,SHRUB,INSECTS,CHAP,0
277,2003,Chamaea fasciata,Timaliidae,0,14.5,SHRUB,INSECTS,CHAP,0
278,2003,Chamaea fasciata,Timaliidae,0,14.5,SHRUB,INSECTS,CHAP,0
279,2003,Chamaea fasciata,Timaliidae,0,14.5,SHRUB,INSECTS,CHAP,0
314,2003,Chamaea fasciata,Timaliidae,0,14.5,SHRUB,INSECTS,CHAP,0
430,2004,Chamaea fasciata,Timaliidae,0,14.5,SHRUB,INSECTS,CHAP,0
432,2004,Chamaea fasciata,Timaliidae,0,14.5,SHRUB,INSECTS,CHAP,0
497,2004,Chamaea fasciata,Timaliidae,0,14.5,SHRUB,INSECTS,CHAP,0
498,2004,Chamaea fasciata,Timaliidae,0,14.5,SHRUB,INSECTS,CHAP,0
499,2004,Chamaea fasciata,Timaliidae,0,14.5,SHRUB,INSECTS,CHAP,0
505,2004,Chamaea fasciata,Timaliidae,0,14.5,SHRUB,INSECTS,CHAP,0
506,2004,Chamaea fasciata,Timaliidae,0,14.5,SHRUB,INSECTS,CHAP,0
511,2004,Chamaea fasciata,Timaliidae,0,14.5,SHRUB,INSECTS,CHAP,0
563,2004,Chamaea fasciata,Timaliidae,0,14.5,SHRUB,INSECTS,CHAP,0
591,2004,Chamaea fasciata,Timaliidae,0,14.5,SHRUB,INSECTS,CHAP,0
592,2004,Chamaea fasciata,Timaliidae,0,14.5,SHRUB,INSECTS,CHAP,0
598,2004,Chamaea fasciata,Timaliidae,0,14.5,SHRUB,INSECTS,CHAP,0
602,2004,Chamaea fasciata,Timaliidae,0,14.5,SHRUB,INSECTS,CHAP,0
408,2004,Dendroica coronata,Parulidae,0,12.5,TREE,INSECTS,XW,0
130,2004,Sialia mexicana,Turdidae,0,27.5,CAVITY,INSECTS,OAKW,0