plate,species,bagged,collected,site,type,OD,conc.raw,conc,logcon,native
1,Lonicera japonica,6/8/18,6/9/18,McElwain,flower,0.635,61.481,61.481,4.126827886,no
1,Lonicera japonica,6/8/18,6/9/18,McElwain,flower,2.231,235.225,235.225,5.462665871,no
1,Lonicera japonica,6/8/18,6/9/18,McElwain,flower,-0.038,-11.783,0,-0.693147181,no
1,Lonicera japonica,6/8/18,6/9/18,McElwain,flower,1.869,195.817,195.817,5.2797307,no
1,Lonicera japonica,6/8/18,6/9/18,Abel,flower,3.531,376.745,376.745,5.932894844,no
1,Lonicera japonica,6/8/18,6/9/18,Abel,flower,0.232,17.61,17.61,2.896464272,no
1,Lonicera japonica,6/8/18,6/9/18,Abel,flower,0.286,23.489,23.489,3.177595392,no
1,Lonicera japonica,6/8/18,6/9/18,Abel,flower,0.105,3.785,3.785,1.455120552,no
1,Lonicera japonica,6/8/18,6/9/18,Abel,flower,-0.021,-9.932,0,-0.693147181,no
1,Lonicera japonica,6/8/18,6/9/18,Harvard,flower,3.596,383.821,383.821,5.951478141,no
1,Lonicera japonica,6/8/18,6/9/18,Harvard,flower,0.024,-5.033,0,-0.693147181,no
1,Potentilla canadensis,6/8/18,6/9/18,McElwain,flower,0.088,1.934,1.934,0.889535995,yes
1,Potentilla canadensis,6/8/18,6/9/18,McElwain,flower,-0.009,-8.626,0,-0.693147181,yes
1,Potentilla canadensis,6/8/18,6/9/18,McElwain,flower,-0.014,-9.17,0,-0.693147181,yes
1,Potentilla canadensis,6/8/18,6/9/18,Abel,flower,-0.018,-9.605,0,-0.693147181,yes
1,Potentilla canadensis,6/8/18,6/9/18,Abel,flower,0.003,-7.319,0,-0.693147181,yes
1,Potentilla canadensis,6/8/18,6/9/18,Harvard,flower,0.088,1.934,1.934,0.889535995,yes
1,Potentilla canadensis,6/8/18,6/9/18,Harvard,flower,0.052,-1.985,0,-0.693147181,yes
1,Potentilla canadensis,6/8/18,6/9/18,Harvard,flower,0.042,-3.074,0,-0.693147181,yes
1,Sambucus nigra,6/12/18,6/13/18,McElwain,bud,-0.027,-10.585,0,-0.693147181,no
1,Sambucus nigra,6/12/18,6/13/18,McElwain,bud,-0.016,-9.388,0,-0.693147181,no
1,Sambucus nigra,6/12/18,6/13/18,McElwain,bud,-0.018,-9.605,0,-0.693147181,no
1,Sambucus nigra,6/12/18,6/13/18,McElwain,bud,-0.017,-9.497,0,-0.693147181,no
1,Sambucus nigra,6/12/18,6/13/18,McElwain,bud,-0.015,-9.279,0,-0.693147181,no
1,Sambucus nigra,6/12/18,6/13/18,Abel,bud,-0.022,-10.041,0,-0.693147181,no
1,Sambucus nigra,6/12/18,6/13/18,Abel,bud,-0.013,-9.061,0,-0.693147181,no
1,Sambucus nigra,6/12/18,6/13/18,Abel,bud,-0.017,-9.497,0,-0.693147181,no
1,Sambucus nigra,6/12/18,6/13/18,Abel,bud,-0.011,-8.843,0,-0.693147181,no
1,Sambucus nigra,6/12/18,6/13/18,Abel,bud,-0.006,-8.299,0,-0.693147181,no
1,Sambucus nigra,6/12/18,6/13/18,Abel,bud,0.154,9.119,9.119,2.263740309,no
1,Sambucus nigra,6/12/18,6/13/18,Abel,bud,0.025,-4.924,0,-0.693147181,no
1,Sambucus nigra,6/12/18,6/13/18,Abel,bud,0.099,3.131,3.131,1.289508092,no
1,Sambucus nigra,6/12/18,6/13/18,Harvard,bud,0.011,-6.449,0,-0.693147181,no
1,Sambucus nigra,6/12/18,6/13/18,Harvard,bud,-0.018,-9.605,0,-0.693147181,no
1,Sambucus nigra,6/12/18,6/13/18,Harvard,bud,-0.004,-8.081,0,-0.693147181,no
1,Sambucus nigra,6/12/18,6/13/18,Harvard,bud,0.037,-3.618,0,-0.693147181,no
1,Sambucus nigra,6/12/18,6/13/18,Harvard,bud,0.073,0.301,0.301,-0.221894332,no
1,Sambucus nigra,6/12/18,6/13/18,Harvard,bud,0.041,-3.183,0,-0.693147181,no
1,Sambucus nigra,6/12/18,6/13/18,Harvard,bud,0.034,-3.945,0,-0.693147181,no
1,Viburnum recognitum,6/12/18,6/13/18,McElwain,bud,0.011,-6.449,0,-0.693147181,yes
1,Viburnum recognitum,6/12/18,6/13/18,McElwain,bud,0.059,-1.223,0,-0.693147181,yes
1,Viburnum recognitum,6/12/18,6/13/18,McElwain,bud,-0.009,-8.626,0,-0.693147181,yes
1,Viburnum recognitum,6/12/18,6/13/18,McElwain,bud,0.025,-4.924,0,-0.693147181,yes
1,Viburnum recognitum,6/12/18,6/13/18,McElwain,bud,0.025,-4.924,0,-0.693147181,yes
1,Viburnum recognitum,6/12/18,6/13/18,Abel,bud,-0.007,-8.408,0,-0.693147181,yes
1,Viburnum recognitum,6/12/18,6/13/18,Abel,bud,0.05,-2.203,0,-0.693147181,yes
1,Viburnum recognitum,6/12/18,6/13/18,Abel,bud,0.123,5.744,5.744,1.831621003,yes
1,Viburnum recognitum,6/12/18,6/13/18,Abel,bud,0.016,-5.904,0,-0.693147181,yes
1,Viburnum recognitum,6/12/18,6/13/18,Abel,bud,0.097,2.914,2.914,1.227884624,yes
1,Viburnum recognitum,6/12/18,6/13/18,Abel,bud,0.034,-3.945,0,-0.693147181,yes
1,Viburnum recognitum,6/12/18,6/13/18,Abel,bud,0.002,-7.428,0,-0.693147181,yes
1,Viburnum recognitum,6/12/18,6/13/18,Abel,bud,-0.025,-10.368,0,-0.693147181,yes
1,Viburnum recognitum,6/12/18,6/13/18,Harvard,bud,0.021,-5.36,0,-0.693147181,yes
1,Viburnum recognitum,6/12/18,6/13/18,Harvard,bud,0.006,-6.993,0,-0.693147181,yes
1,Viburnum recognitum,6/12/18,6/13/18,Harvard,bud,0.004,-7.211,0,-0.693147181,yes
1,Viburnum recognitum,6/12/18,6/13/18,Harvard,bud,-0.012,-8.952,0,-0.693147181,yes
1,Viburnum recognitum,6/12/18,6/13/18,Harvard,bud,0.068,-0.243,0,-0.693147181,yes
1,Viburnum recognitum,6/12/18,6/13/18,Harvard,bud,0.038,-3.509,0,-0.693147181,yes
1,Viburnum recognitum,6/12/18,6/13/18,Harvard,bud,0.009,-6.666,0,-0.693147181,yes
1,Viburnum recognitum,6/12/18,6/13/18,Harvard,bud,0.023,-5.142,0,-0.693147181,yes
1,Ligustrum obtusifolium,6/14/18,6/15/18,McElwain,bud,0.016,-5.904,0,-0.693147181,no
1,Ligustrum obtusifolium,6/14/18,6/15/18,McElwain,bud,0.566,53.97,53.97,3.997650091,no
1,Ligustrum obtusifolium,6/14/18,6/15/18,McElwain,bud,0.586,56.147,56.147,4.036839029,no
1,Ligustrum obtusifolium,6/14/18,6/15/18,McElwain,bud,0.693,67.795,67.795,4.223836557,no
1,Ligustrum obtusifolium,6/14/18,6/15/18,McElwain,bud,0.775,76.722,76.722,4.346684391,no
1,Ligustrum obtusifolium,6/14/18,6/15/18,Abel,bud,0.089,2.043,2.043,0.933344486,no
1,Ligustrum obtusifolium,6/14/18,6/15/18,Abel,bud,0.281,22.944,22.944,3.154614599,no
1,Ligustrum obtusifolium,6/14/18,6/15/18,Abel,bud,0.25,19.569,19.569,2.999176336,no
1,Ligustrum obtusifolium,6/14/18,6/15/18,Abel,bud,1.487,154.232,154.232,5.041694588,no
1,Ligustrum obtusifolium,6/14/18,6/15/18,Abel,bud,0.497,46.458,46.458,3.849253585,no
1,Ligustrum obtusifolium,6/14/18,6/15/18,Abel,bud,-0.005,-8.19,0,-0.693147181,no
1,Ligustrum obtusifolium,6/14/18,6/15/18,Abel,bud,0.664,64.638,64.638,4.176508096,no
1,Ligustrum obtusifolium,6/14/18,6/15/18,Abel,bud,0.108,4.111,4.111,1.528444753,no
1,Ligustrum obtusifolium,6/14/18,6/15/18,Abel,bud,0.591,56.691,56.691,4.046396543,no
1,Ligustrum obtusifolium,6/14/18,6/15/18,Harvard,bud,1.35,139.318,139.318,4.940341577,no
1,Ligustrum obtusifolium,6/14/18,6/15/18,Harvard,bud,0.489,45.587,45.587,3.830530915,no
1,Ligustrum obtusifolium,6/14/18,6/15/18,Harvard,bud,0.973,98.277,98.277,4.592864784,no
1,Ligustrum obtusifolium,6/14/18,6/15/18,Harvard,bud,0.319,27.081,27.081,3.31712713,no
1,Ligustrum obtusifolium,6/14/18,6/15/18,Harvard,bud,0.115,4.873,4.873,1.681386412,no
1,Ligustrum obtusifolium,6/14/18,6/15/18,Harvard,bud,0.875,87.608,87.608,4.478563335,no
1,Ligustrum obtusifolium,6/14/18,6/15/18,Harvard,bud,0.082,1.281,1.281,0.577175004,no
1,Ligustrum obtusifolium,6/14/18,6/15/18,Harvard,bud,-0.005,-8.19,0,-0.693147181,no
1,Ligustrum obtusifolium,6/14/18,6/15/18,Harvard,bud,0.428,38.947,38.947,3.674957999,no
2,Rosa multiflora,6/8/18,6/9/18,McElwain,flower,0.219,19.757,19.757,3.008500413,no
2,Rosa multiflora,6/8/18,6/9/18,McElwain,flower,0.024,-0.458,0,-0.693147181,no
2,Rosa multiflora,6/8/18,6/9/18,McElwain,flower,0.015,-1.391,0,-0.693147181,no
2,Rosa multiflora,6/8/18,6/9/18,McElwain,flower,0,-2.945,0,-0.693147181,no
2,Rosa multiflora,6/8/18,6/9/18,McElwain,flower,-0.015,-4.5,0,-0.693147181,no
2,Rosa multiflora,6/8/18,6/9/18,McElwain,flower,-0.005,-3.464,0,-0.693147181,no
2,Rosa multiflora,6/8/18,6/9/18,McElwain,flower,0.116,9.079,9.079,2.259573202,no
2,Rosa multiflora,6/8/18,6/9/18,McElwain,flower,0.047,1.927,1.927,0.886655927,no
2,Rosa multiflora,6/8/18,6/9/18,McElwain,flower,0.666,66.093,66.093,4.198599467,no
2,Rosa multiflora,6/8/18,6/9/18,Abel,flower,0.013,-1.598,0,-0.693147181,no
2,Rosa multiflora,6/8/18,6/9/18,Abel,flower,0.036,0.786,0.786,0.251536626,no
2,Rosa multiflora,6/8/18,6/9/18,Abel,flower,0.12,9.494,9.494,2.301984913,no
2,Rosa multiflora,6/8/18,6/9/18,Abel,flower,0.041,1.305,1.305,0.590560592,no
2,Rosa multiflora,6/8/18,6/9/18,Abel,flower,0.041,1.305,1.305,0.590560592,no
2,Rosa multiflora,6/8/18,6/9/18,Harvard,flower,0.049,2.134,2.134,0.968503603,no
2,Rosa multiflora,6/8/18,6/9/18,Harvard,flower,0.058,3.067,3.067,1.271724906,no
2,Rosa multiflora,6/8/18,6/9/18,Harvard,flower,0.041,1.305,1.305,0.590560592,no
2,Rosa multiflora,6/8/18,6/9/18,Harvard,flower,0.068,4.104,4.104,1.526925491,no
2,Stellaria sp,6/8/18,6/9/18,McElwain,flower,0.08,5.348,5.348,1.766099722,yes
2,Stellaria sp,6/8/18,6/9/18,McElwain,flower,0.119,9.39,9.39,2.291524146,yes
2,Stellaria sp,6/8/18,6/9/18,McElwain,flower,0.094,6.799,6.799,1.987737352,yes
2,Stellaria sp,6/8/18,6/9/18,Abel,flower,0.023,-0.561,0,-0.693147181,yes
2,Stellaria sp,6/8/18,6/9/18,Abel,flower,0.052,2.445,2.445,1.080108817,yes
2,Stellaria sp,6/8/18,6/9/18,Abel,flower,0.071,4.415,4.415,1.592291754,yes
2,Stellaria sp,6/8/18,6/9/18,Abel,flower,0.084,5.762,5.762,1.834499623,yes
2,Stellaria sp,6/8/18,6/9/18,Abel,flower,0.09,6.384,6.384,1.929199878,yes
2,Stellaria sp,6/8/18,6/9/18,Abel,flower,0.137,11.256,11.256,2.464363749,yes
2,Stellaria sp,6/8/18,6/9/18,Harvard,flower,0.075,4.829,4.829,1.673163603,yes
2,Stellaria sp,6/8/18,6/9/18,Harvard,flower,0.183,16.025,16.025,2.804874386,yes
2,Stellaria sp,6/8/18,6/9/18,Harvard,flower,0.056,2.86,2.86,1.211940974,yes
2,Stellaria sp,6/8/18,6/9/18,Harvard,flower,0.138,11.36,11.36,2.473171394,yes
2,Glechoma hederacea,6/8/18,6/9/18,McElwain,flower,0.443,42.977,42.977,3.772232063,no
2,Glechoma hederacea,6/8/18,6/9/18,McElwain,flower,0.061,3.378,3.378,1.355319557,no
2,Glechoma hederacea,6/8/18,6/9/18,McElwain,flower,0.107,8.146,8.146,2.157096786,no
2,Glechoma hederacea,6/8/18,6/9/18,McElwain,flower,0.062,3.482,3.482,1.381784206,no
2,Glechoma hederacea,6/8/18,6/9/18,McElwain,flower,0.226,20.482,20.482,3.043664927,no
2,Glechoma hederacea,6/8/18,6/9/18,McElwain,flower,0.14,11.567,11.567,2.490474454,no
2,Glechoma hederacea,6/8/18,6/9/18,Abel,flower,0.331,31.367,31.367,3.461570992,no
2,Glechoma hederacea,6/8/18,6/9/18,Abel,flower,0.142,11.775,11.775,2.507564674,no
2,Glechoma hederacea,6/8/18,6/9/18,Abel,flower,0.316,29.812,29.812,3.411543674,no
2,Glechoma hederacea,6/8/18,6/9/18,Abel,flower,0.065,3.793,3.793,1.456985789,no
2,Glechoma hederacea,6/8/18,6/9/18,Harvard,flower,0.035,0.683,0.683,0.168053585,no
2,Glechoma hederacea,6/8/18,6/9/18,Harvard,flower,0.063,3.585,3.585,1.407321728,no
2,Glechoma hederacea,6/8/18,6/9/18,Harvard,flower,0.015,-1.391,0,-0.693147181,no
2,Glechoma hederacea,6/8/18,6/9/18,Harvard,flower,0.619,61.221,61.221,4.12262423,no
2,Glechoma hederacea,6/8/18,6/9/18,Harvard,flower,0.049,2.134,2.134,0.968503603,no
2,Vicia cracca,6/30/18,7/1/18,McElwain,bud,1.229,124.455,124.455,4.827953672,no
2,Vicia cracca,6/30/18,7/1/18,McElwain,bud,1.789,182.506,182.506,5.209518939,no
2,Vicia cracca,6/30/18,7/1/18,McElwain,bud,0.319,30.123,30.123,3.421751361,no
2,Vicia cracca,6/30/18,7/1/18,McElwain,bud,0.652,64.642,64.642,4.176569502,no
2,Vicia cracca,6/30/18,7/1/18,McElwain,bud,2.308,236.306,236.306,5.467241241,no
2,Vicia cracca,6/30/18,7/1/18,McElwain,bud,0.521,51.062,51.062,3.942784967,no
2,Vicia cracca,6/30/18,7/1/18,McElwain,bud,1.211,122.589,122.589,4.812907671,no
2,Vicia cracca,6/30/18,7/1/18,Abel,bud,0.055,2.756,2.756,1.180499448,no
2,Vicia cracca,6/30/18,7/1/18,Abel,bud,2.548,261.185,261.185,5.56714149,no
2,Vicia cracca,6/30/18,7/1/18,Abel,bud,1.218,123.315,123.315,4.818788516,no
2,Vicia cracca,6/30/18,7/1/18,Abel,bud,0.924,92.838,92.838,4.536227313,no
2,Vicia cracca,6/30/18,7/1/18,Harvard,bud,1.224,123.937,123.937,4.823799564,no
2,Vicia cracca,6/30/18,7/1/18,Harvard,bud,0.319,30.123,30.123,3.421751361,no
2,Vicia cracca,6/30/18,7/1/18,Harvard,bud,1.119,113.052,113.052,4.732260882,no
2,Vicia cracca,6/30/18,7/1/18,Harvard,bud,-0.045,-7.61,0,-0.693147181,no
2,Vicia cracca,6/30/18,7/1/18,Harvard,bud,-0.022,-5.226,0,-0.693147181,no
2,Achillea millefolium,6/17/18,6/18/18,McElwain,bud,0.09,6.384,6.384,1.929199878,yes
2,Achillea millefolium,6/17/18,6/18/18,McElwain,bud,0.144,11.982,11.982,2.524287607,yes
2,Achillea millefolium,6/17/18,6/18/18,McElwain,bud,0.029,0.061,0.061,-0.578034373,yes
2,Achillea millefolium,6/17/18,6/18/18,McElwain,bud,0.009,-2.012,0,-0.693147181,yes
2,Achillea millefolium,6/17/18,6/18/18,McElwain,bud,-0.04,-7.092,0,-0.693147181,yes
2,Achillea millefolium,6/17/18,6/18/18,Abel,bud,-0.003,-3.256,0,-0.693147181,yes
2,Achillea millefolium,6/17/18,6/18/18,Abel,bud,0.011,-1.805,0,-0.693147181,yes
2,Achillea millefolium,6/17/18,6/18/18,Abel,bud,0.002,-2.738,0,-0.693147181,yes
2,Achillea millefolium,6/17/18,6/18/18,Abel,bud,0.046,1.823,1.823,0.842859454,yes
2,Achillea millefolium,6/17/18,6/18/18,Harvard,bud,0.086,5.969,5.969,1.867021537,yes
2,Achillea millefolium,6/17/18,6/18/18,Harvard,bud,0.006,-2.323,0,-0.693147181,yes
2,Achillea millefolium,6/17/18,6/18/18,Harvard,bud,-0.028,-5.848,0,-0.693147181,yes
2,Achillea millefolium,6/17/18,6/18/18,Harvard,bud,-0.006,-3.567,0,-0.693147181,yes
2,Achillea millefolium,6/17/18,6/18/18,Harvard,bud,-0.024,-5.433,0,-0.693147181,yes
2,Achillea millefolium,6/17/18,6/18/18,Harvard,bud,-0.022,-5.226,0,-0.693147181,yes
2,Achillea millefolium,6/17/18,6/18/18,Harvard,bud,-0.024,-5.433,0,-0.693147181,yes
2,Galium sp,6/30/18,7/1/18,McElwain,bud,-0.02,-5.019,0,-0.693147181,yes
2,Galium sp,6/30/18,7/1/18,McElwain,bud,-0.023,-5.33,0,-0.693147181,yes
2,Galium sp,6/30/18,7/1/18,McElwain,bud,-0.043,-7.403,0,-0.693147181,yes
2,Galium sp,6/30/18,7/1/18,Abel,bud,0.008,-2.116,0,-0.693147181,yes
2,Galium sp,6/30/18,7/1/18,Abel,bud,-0.014,-4.397,0,-0.693147181,yes
2,Galium sp,6/30/18,7/1/18,Abel,bud,0,-2.945,0,-0.693147181,yes
2,Galium sp,6/30/18,7/1/18,Harvard,bud,0,-2.945,0,-0.693147181,yes
2,Galium sp,6/30/18,7/1/18,Harvard,bud,-0.03,-6.055,0,-0.693147181,yes
2,Galium sp,6/30/18,7/1/18,Harvard,bud,0.027,-0.147,0,-0.693147181,yes
2,Galium sp,6/30/18,7/1/18,Harvard,bud,0.014,-1.494,0,-0.693147181,yes
3,Lysimachia nummularia,6/12/18,6/13/18,McElwain,both,0.085,4.438,4.438,1.596960391,no
3,Lysimachia nummularia,6/12/18,6/13/18,McElwain,both,0.038,0.153,0.153,-0.42617815,no
3,Lysimachia nummularia,6/12/18,6/13/18,McElwain,both,0.043,0.609,0.609,0.103458708,no
3,Lysimachia nummularia,6/12/18,6/13/18,McElwain,both,0.037,0.062,0.062,-0.576253429,no
3,Lysimachia nummularia,6/12/18,6/13/18,McElwain,both,0.012,-2.217,0,-0.693147181,no
3,Lysimachia nummularia,6/12/18,6/13/18,Abel,both,0.086,4.529,4.529,1.615221157,no
3,Lysimachia nummularia,6/12/18,6/13/18,Abel,both,0.088,4.711,4.711,1.650771776,no
3,Lysimachia nummularia,6/12/18,6/13/18,Abel,both,0.011,-2.309,0,-0.693147181,no
3,Lysimachia nummularia,6/12/18,6/13/18,Abel,both,0.018,-1.67,0,-0.693147181,no
3,Lysimachia nummularia,6/12/18,6/13/18,Abel,both,0.026,-0.941,0,-0.693147181,no
3,Lysimachia nummularia,6/12/18,6/13/18,Abel,both,0.012,-2.217,0,-0.693147181,no
3,Lysimachia nummularia,6/12/18,6/13/18,Harvard,both,0.024,-1.123,0,-0.693147181,no
3,Lysimachia nummularia,6/12/18,6/13/18,Harvard,both,0.062,2.341,2.341,1.044156103,no
3,Lysimachia nummularia,6/12/18,6/13/18,Harvard,both,0.039,0.244,0.244,-0.295714244,no
3,Asclepias syriaca,6/30/18,7/1/18,McElwain,bud,0.518,43.912,43.912,3.793509703,yes
3,Asclepias syriaca,6/30/18,7/1/18,McElwain,bud,0.258,20.209,20.209,3.030568388,yes
3,Asclepias syriaca,6/30/18,7/1/18,McElwain,bud,1.768,157.869,157.869,5.064927753,yes
3,Asclepias syriaca,6/30/18,7/1/18,McElwain,bud,1.644,146.565,146.565,4.990874666,yes
3,Asclepias syriaca,6/30/18,7/1/18,McElwain,bud,0.782,67.98,67.98,4.226541732,yes
3,Asclepias syriaca,6/30/18,7/1/18,McElwain,bud,1.672,149.118,149.118,5.008085379,yes
3,Asclepias syriaca,6/30/18,7/1/18,Abel,bud,1.538,136.901,136.901,4.922903658,yes
3,Asclepias syriaca,6/30/18,7/1/18,Abel,bud,1.992,178.291,178.291,5.186217526,yes
3,Asclepias syriaca,6/30/18,7/1/18,Abel,bud,1.036,91.136,91.136,4.517824208,yes
3,Asclepias syriaca,6/30/18,7/1/18,Abel,bud,2.605,234.175,234.175,5.458201578,yes
3,Asclepias syriaca,6/30/18,7/1/18,Harvard,bud,1.916,171.362,171.362,5.146691829,yes
3,Asclepias syriaca,6/30/18,7/1/18,Harvard,bud,0.454,38.078,38.078,3.652682166,yes
3,Asclepias syriaca,6/30/18,7/1/18,Harvard,bud,0.179,13.007,13.007,2.60320807,yes
3,Asclepias syriaca,6/30/18,7/1/18,Harvard,bud,0.139,9.361,9.361,2.288587583,yes
3,Asclepias syriaca,6/30/18,7/1/18,Harvard,bud,1.287,114.019,114.019,4.740740748,yes
3,Rosa sp,6/30/18,7/1/18,McElwain,bud,0.017,-1.762,0,-0.693147181,no
3,Rosa sp,6/30/18,7/1/18,Abel,bud,0.019,-1.579,0,-0.693147181,no
3,Rosa sp,6/30/18,7/1/18,Harvard,bud,0.045,0.791,0.791,0.255417112,no
3,Lysimachia terresteris,6/30/18,7/1/18,McElwain,bud,0.03,-0.576,0,-0.693147181,yes
3,Lysimachia terresteris,6/30/18,7/1/18,McElwain,bud,0.086,4.529,4.529,1.615221157,yes
3,Lysimachia terresteris,6/30/18,7/1/18,McElwain,bud,0.084,4.346,4.346,1.578153622,yes
3,Lysimachia terresteris,6/30/18,7/1/18,McElwain,bud,0.003,-3.038,0,-0.693147181,yes
3,Lysimachia terresteris,6/30/18,7/1/18,McElwain,bud,0.033,-0.303,0,-0.693147181,yes
3,Lysimachia terresteris,6/30/18,7/1/18,McElwain,bud,0.103,6.079,6.079,1.883882758,yes
3,Lysimachia terresteris,6/30/18,7/1/18,McElwain,bud,-0.005,-3.767,0,-0.693147181,yes
3,Lysimachia terresteris,6/30/18,7/1/18,Abel,bud,0.112,6.899,6.899,2.001344856,yes
3,Lysimachia terresteris,6/30/18,7/1/18,Abel,bud,0.013,-2.126,0,-0.693147181,yes
3,Lysimachia terresteris,6/30/18,7/1/18,Abel,bud,0.06,2.158,2.158,0.97757396,yes
3,Lysimachia terresteris,6/30/18,7/1/18,Abel,bud,0.018,-1.67,0,-0.693147181,yes
3,Lysimachia terresteris,6/30/18,7/1/18,Abel,bud,0.023,-1.215,0,-0.693147181,yes
3,Lysimachia terresteris,6/30/18,7/1/18,Harvard,bud,0.032,-0.394,0,-0.693147181,yes
3,Lysimachia terresteris,6/30/18,7/1/18,Harvard,bud,0.058,1.976,1.976,0.906644355,yes
3,Lysimachia terresteris,6/30/18,7/1/18,Harvard,bud,0.079,3.891,3.891,1.479556992,yes