date,plot_time,section_order,treatment,section_ID,no_carolinus
6/16/19,22:30,1,B,A,0
6/16/19,22:30,2,B,B,0
6/16/19,22:30,3,B,C,0
6/16/19,22:30,4,B,D,0
6/16/19,22:30,5,B,D,0
6/16/19,22:30,6,B,C,0
6/16/19,22:30,7,B,B,0
6/16/19,22:30,8,B,A,0
6/16/19,22:45,1,D,A,1
6/16/19,22:45,2,D,B,0
6/16/19,22:45,3,D,C,0
6/16/19,22:45,4,D,D,0
6/16/19,22:45,5,D,D,0
6/16/19,22:45,6,D,C,3
6/16/19,22:45,7,D,B,0
6/16/19,22:45,8,D,A,3
6/16/19,23:00,1,A,A,0
6/16/19,23:00,2,A,B,0
6/16/19,23:00,3,A,C,0
6/16/19,23:00,4,A,D,0
6/16/19,23:00,5,A,D,0
6/16/19,23:00,6,A,C,0
6/16/19,23:00,7,A,B,0
6/16/19,23:00,8,A,A,0
6/16/19,23:15,1,R,A,2
6/16/19,23:15,2,R,B,0
6/16/19,23:15,3,R,C,1
6/16/19,23:15,4,R,D,0
6/16/19,23:15,5,R,D,0
6/16/19,23:15,6,R,C,0
6/16/19,23:15,7,R,B,0
6/16/19,23:15,8,R,A,0
6/17/19,22:00,1,D,A,0
6/17/19,22:00,2,D,B,0
6/17/19,22:00,3,D,D,0
6/17/19,22:00,4,D,C,0
6/17/19,22:00,5,D,A,0
6/17/19,22:00,6,D,D,0
6/17/19,22:00,7,D,C,0
6/17/19,22:00,8,D,B,2
6/17/19,22:15,1,R,C,0
6/17/19,22:15,2,R,D,0
6/17/19,22:15,3,R,B,0
6/17/19,22:15,4,R,A,0
6/17/19,22:15,5,R,B,0
6/17/19,22:15,6,R,D,0
6/17/19,22:15,7,R,C,0
6/17/19,22:15,8,R,A,0
6/17/19,22:30,1,A,D,0
6/17/19,22:30,2,A,C,0
6/17/19,22:30,3,A,A,0
6/17/19,22:30,4,A,B,0
6/17/19,22:30,5,A,C,0
6/17/19,22:30,6,A,B,0
6/17/19,22:30,7,A,A,0
6/17/19,22:30,8,A,D,0
6/17/19,22:45,1,B,C,0
6/17/19,22:45,2,B,D,0
6/17/19,22:45,3,B,B,0
6/17/19,22:45,4,B,A,0
6/17/19,22:45,5,B,A,0
6/17/19,22:45,6,B,B,0
6/17/19,22:45,7,B,C,0
6/17/19,22:45,8,B,D,0
6/17/19,23:00,1,R,B,0
6/17/19,23:00,2,R,C,1
6/17/19,23:00,3,R,A,0
6/17/19,23:00,4,R,D,0
6/17/19,23:00,5,R,B,0
6/17/19,23:00,6,R,D,0
6/17/19,23:00,7,R,A,0
6/17/19,23:00,8,R,C,0
6/17/19,23:15,1,D,B,3
6/17/19,23:15,2,D,A,0
6/17/19,23:15,3,D,C,2
6/17/19,23:15,4,D,D,0
6/17/19,23:15,5,D,A,0
6/17/19,23:15,6,D,C,2
6/17/19,23:15,7,D,D,1
6/17/19,23:15,8,D,B,2
6/17/19,23:30,1,B,A,0
6/17/19,23:30,2,B,C,0
6/17/19,23:30,3,B,D,0
6/17/19,23:30,4,B,B,0
6/17/19,23:30,5,B,D,0
6/17/19,23:30,6,B,A,1
6/17/19,23:30,7,B,B,1
6/17/19,23:30,8,B,C,0
6/17/19,23:45,1,A,D,0
6/17/19,23:45,2,A,B,0
6/17/19,23:45,3,A,C,0
6/17/19,23:45,4,A,A,0
6/17/19,23:45,5,A,D,0
6/17/19,23:45,6,A,B,0
6/17/19,23:45,7,A,C,0
6/17/19,23:45,8,A,A,0
6/17/19,22:00,1,B,D,0
6/17/19,22:00,2,B,A,0
6/17/19,22:00,3,B,C,0
6/17/19,22:00,4,B,B,0
6/17/19,22:00,5,B,C,0
6/17/19,22:00,6,B,B,0
6/17/19,22:00,7,B,D,0
6/17/19,22:00,8,B,A,0
6/17/19,22:15,1,A,A,0
6/17/19,22:15,2,A,B,0
6/17/19,22:15,3,A,C,0
6/17/19,22:15,4,A,D,0
6/17/19,22:15,5,A,B,0
6/17/19,22:15,6,A,D,0
6/17/19,22:15,7,A,C,0
6/17/19,22:15,8,A,A,0
6/17/19,22:30,1,R,B,0
6/17/19,22:30,2,R,C,0
6/17/19,22:30,3,R,A,0
6/17/19,22:30,4,R,D,1
6/17/19,22:30,5,R,A,0
6/17/19,22:30,6,R,D,0
6/17/19,22:30,7,R,B,0
6/17/19,22:30,8,R,C,0
6/17/19,22:45,1,A,C,0
6/17/19,22:45,2,A,B,0
6/17/19,22:45,3,A,A,1
6/17/19,22:45,4,A,D,0
6/17/19,22:45,5,A,B,0
6/17/19,22:45,6,A,A,0
6/17/19,22:45,7,A,C,0
6/17/19,22:45,8,A,D,1
6/17/19,23:00,1,D,C,1
6/17/19,23:00,2,D,D,3
6/17/19,23:00,3,D,B,4
6/17/19,23:00,4,D,A,2
6/17/19,23:00,5,D,C,3
6/17/19,23:00,6,D,A,0
6/17/19,23:00,7,D,D,0
6/17/19,23:00,8,D,B,3
6/17/19,23:15,1,B,D,0
6/17/19,23:15,2,B,C,0
6/17/19,23:15,3,B,B,0
6/17/19,23:15,4,B,A,0
6/17/19,23:15,5,B,A,0
6/17/19,23:15,6,B,B,0
6/17/19,23:15,7,B,C,0
6/17/19,23:15,8,B,D,0
6/17/19,23:30,1,D,B,2
6/17/19,23:30,2,D,A,1
6/17/19,23:30,3,D,C,2
6/17/19,23:30,4,D,D,0
6/17/19,23:30,5,D,A,2
6/17/19,23:30,6,D,C,2
6/17/19,23:30,7,D,D,1
6/17/19,23:30,8,D,B,0
6/17/19,23:45,1,R,B,0
6/17/19,23:45,2,R,A,0
6/17/19,23:45,3,R,D,5
6/17/19,23:45,4,R,C,0
6/17/19,23:45,5,R,A,1
6/17/19,23:45,6,R,D,1
6/17/19,23:45,7,R,B,0
6/17/19,23:45,8,R,C,0
6/18/19,22:00,1,A,B,0
6/18/19,22:00,2,A,A,0
6/18/19,22:00,3,A,D,0
6/18/19,22:00,4,A,C,0
6/18/19,22:00,5,A,D,0
6/18/19,22:00,6,A,A,0
6/18/19,22:00,7,A,C,0
6/18/19,22:00,8,A,B,0
6/18/19,22:15,1,B,B,0
6/18/19,22:15,2,B,D,0
6/18/19,22:15,3,B,A,1
6/18/19,22:15,4,B,C,0
6/18/19,22:15,5,B,C,0
6/18/19,22:15,6,B,B,0
6/18/19,22:15,7,B,A,0
6/18/19,22:15,8,B,D,1
6/18/19,22:30,1,D,C,0
6/18/19,22:30,2,D,B,1
6/18/19,22:30,3,D,A,0
6/18/19,22:30,4,D,D,0
6/18/19,22:30,5,D,D,0
6/18/19,22:30,6,D,B,0
6/18/19,22:30,7,D,A,1
6/18/19,22:30,8,D,C,2
6/18/19,22:45,1,A,D,1
6/18/19,22:45,2,A,B,0
6/18/19,22:45,3,A,A,0
6/18/19,22:45,4,A,C,1
6/18/19,22:45,5,A,B,0
6/18/19,22:45,6,A,C,0
6/18/19,22:45,7,A,D,0
6/18/19,22:45,8,A,A,0
6/18/19,23:00,1,B,B,0
6/18/19,23:00,2,B,A,1
6/18/19,23:00,3,B,C,0
6/18/19,23:00,4,B,D,0
6/18/19,23:00,5,B,A,0
6/18/19,23:00,6,B,C,0
6/18/19,23:00,7,B,B,0
6/18/19,23:00,8,B,D,0
6/18/19,23:15,1,R,D,4
6/18/19,23:15,2,R,A,0
6/18/19,23:15,3,R,C,1
6/18/19,23:15,4,R,B,0
6/18/19,23:15,5,R,D,0
6/18/19,23:15,6,R,A,1
6/18/19,23:15,7,R,C,2
6/18/19,23:15,8,R,B,0
6/18/19,23:30,1,D,C,1
6/18/19,23:30,2,D,A,0
6/18/19,23:30,3,D,D,0
6/18/19,23:30,4,D,B,0
6/18/19,23:30,5,D,A,1
6/18/19,23:30,6,D,D,0
6/18/19,23:30,7,D,C,1
6/18/19,23:30,8,D,B,0
6/18/19,23:45,1,R,A,2
6/18/19,23:45,2,R,D,1
6/18/19,23:45,3,R,B,1
6/18/19,23:45,4,R,C,2
6/18/19,23:45,5,R,D,3
6/18/19,23:45,6,R,A,0
6/18/19,23:45,7,R,B,0
6/18/19,23:45,8,R,C,2
6/18/19,22:00,1,D,D,0
6/18/19,22:00,2,D,A,0
6/18/19,22:00,3,D,B,1
6/18/19,22:00,4,D,C,0
6/18/19,22:00,5,D,A,0
6/18/19,22:00,6,D,B,0
6/18/19,22:00,7,D,C,0
6/18/19,22:00,8,D,D,0
6/18/19,22:15,1,A,B,0
6/18/19,22:15,2,A,C,0
6/18/19,22:15,3,A,D,0
6/18/19,22:15,4,A,A,0
6/18/19,22:15,5,A,B,0
6/18/19,22:15,6,A,D,0
6/18/19,22:15,7,A,A,0
6/18/19,22:15,8,A,C,0
6/18/19,22:30,1,R,C,0
6/18/19,22:30,2,R,D,0
6/18/19,22:30,3,R,A,0
6/18/19,22:30,4,R,B,1
6/18/19,22:30,5,R,C,0
6/18/19,22:30,6,R,D,2
6/18/19,22:30,7,R,A,0
6/18/19,22:30,8,R,B,1
6/18/19,22:45,1,B,C,0
6/18/19,22:45,2,B,A,2
6/18/19,22:45,3,B,D,0
6/18/19,22:45,4,B,B,0
6/18/19,22:45,5,B,A,0
6/18/19,22:45,6,B,C,0
6/18/19,22:45,7,B,D,0
6/18/19,22:45,8,B,B,0
6/18/19,23:00,1,A,A,0
6/18/19,23:00,2,A,D,3
6/18/19,23:00,3,A,B,0
6/18/19,23:00,4,A,C,0
6/18/19,23:00,5,A,B,0
6/18/19,23:00,6,A,C,0
6/18/19,23:00,7,A,A,0
6/18/19,23:00,8,A,D,0
6/18/19,23:15,1,D,C,2
6/18/19,23:15,2,D,A,0
6/18/19,23:15,3,D,D,0
6/18/19,23:15,4,D,B,2
6/18/19,23:15,5,D,A,0
6/18/19,23:15,6,D,B,0
6/18/19,23:15,7,D,C,0
6/18/19,23:15,8,D,D,0
6/18/19,23:30,1,R,A,0
6/18/19,23:30,2,R,D,0
6/18/19,23:30,3,R,B,1
6/18/19,23:30,4,R,C,3
6/18/19,23:30,5,R,A,0
6/18/19,23:30,6,R,D,0
6/18/19,23:30,7,R,C,2
6/18/19,23:30,8,R,B,0
6/18/19,23:45,1,B,D,0
6/18/19,23:45,2,B,B,0
6/18/19,23:45,3,B,A,0
6/18/19,23:45,4,B,C,0
6/18/19,23:45,5,B,D,0
6/18/19,23:45,6,B,B,0
6/18/19,23:45,7,B,C,0
6/18/19,23:45,8,B,A,0
6/19/19,22:00,1,D,C,0
6/19/19,22:00,2,D,B,0
6/19/19,22:00,3,D,D,0
6/19/19,22:00,4,D,A,0
6/19/19,22:00,5,D,A,0
6/19/19,22:00,6,D,D,0
6/19/19,22:00,7,D,C,0
6/19/19,22:00,8,D,B,1
6/19/19,22:15,1,R,A,0
6/19/19,22:15,2,R,B,0
6/19/19,22:15,3,R,C,0
6/19/19,22:15,4,R,D,0
6/19/19,22:15,5,R,C,0
6/19/19,22:15,6,R,A,0
6/19/19,22:15,7,R,D,0
6/19/19,22:15,8,R,B,0
6/19/19,22:30,1,R,A,2
6/19/19,22:30,2,R,B,0
6/19/19,22:30,3,R,D,1
6/19/19,22:30,4,R,C,0
6/19/19,22:30,5,R,C,0
6/19/19,22:30,6,R,B,0
6/19/19,22:30,7,R,A,0
6/19/19,22:30,8,R,D,0
6/19/19,22:45,1,D,D,2
6/19/19,22:45,2,D,A,0
6/19/19,22:45,3,D,B,0
6/19/19,22:45,4,D,C,0
6/19/19,22:45,5,D,C,0
6/19/19,22:45,6,D,D,0
6/19/19,22:45,7,D,B,0
6/19/19,22:45,8,D,A,0
6/19/19,23:00,1,A,A,1
6/19/19,23:00,2,A,D,2
6/19/19,23:00,3,A,C,0
6/19/19,23:00,4,A,B,0
6/19/19,23:00,5,A,B,0
6/19/19,23:00,6,A,D,1
6/19/19,23:00,7,A,C,0
6/19/19,23:00,8,A,A,0
6/19/19,23:15,1,B,D,0
6/19/19,23:15,2,B,C,0
6/19/19,23:15,3,B,B,0
6/19/19,23:15,4,B,A,0
6/19/19,23:15,5,B,A,0
6/19/19,23:15,6,B,C,0
6/19/19,23:15,7,B,D,0
6/19/19,23:15,8,B,B,0
6/19/19,23:30,1,A,D,3
6/19/19,23:30,2,A,A,0
6/19/19,23:30,3,A,C,0
6/19/19,23:30,4,A,B,0
6/19/19,23:30,5,A,A,0
6/19/19,23:30,6,A,B,0
6/19/19,23:30,7,A,C,1
6/19/19,23:30,8,A,D,1
6/19/19,23:45,1,B,C,0
6/19/19,23:45,2,B,B,0
6/19/19,23:45,3,B,A,0
6/19/19,23:45,4,B,D,0
6/19/19,23:45,5,B,C,0
6/19/19,23:45,6,B,B,0
6/19/19,23:45,7,B,D,1
6/19/19,23:45,8,B,A,0
6/19/19,22:00,1,R,A,0
6/19/19,22:00,2,R,B,0
6/19/19,22:00,3,R,C,0
6/19/19,22:00,4,R,D,0
6/19/19,22:00,5,R,B,0
6/19/19,22:00,6,R,D,0
6/19/19,22:00,7,R,A,0
6/19/19,22:00,8,R,C,0
6/19/19,22:15,1,A,B,0
6/19/19,22:15,2,A,D,1
6/19/19,22:15,3,A,C,1
6/19/19,22:15,4,A,A,0
6/19/19,22:15,5,A,A,0
6/19/19,22:15,6,A,C,1
6/19/19,22:15,7,A,B,0
6/19/19,22:15,8,A,D,0
6/19/19,22:30,1,D,B,0
6/19/19,22:30,2,D,C,1
6/19/19,22:30,3,D,A,0
6/19/19,22:30,4,D,D,1
6/19/19,22:30,5,D,C,0
6/19/19,22:30,6,D,B,0
6/19/19,22:30,7,D,A,2
6/19/19,22:30,8,D,D,2
6/19/19,22:45,1,A,C,1
6/19/19,22:45,2,A,D,0
6/19/19,22:45,3,A,B,0
6/19/19,22:45,4,A,A,1
6/19/19,22:45,5,A,B,0
6/19/19,22:45,6,A,D,0
6/19/19,22:45,7,A,A,0
6/19/19,22:45,8,A,C,0
6/19/19,23:00,1,B,C,0
6/19/19,23:00,2,B,A,0
6/19/19,23:00,3,B,D,0
6/19/19,23:00,4,B,B,0
6/19/19,23:00,5,B,D,1
6/19/19,23:00,6,B,C,0
6/19/19,23:00,7,B,B,0
6/19/19,23:00,8,B,A,0
6/19/19,23:15,1,R,D,0
6/19/19,23:15,2,R,A,1
6/19/19,23:15,3,R,C,0
6/19/19,23:15,4,R,B,0
6/19/19,23:15,5,R,B,0
6/19/19,23:15,6,R,D,0
6/19/19,23:15,7,R,C,0
6/19/19,23:15,8,R,A,2
6/19/19,23:30,1,B,B,0
6/19/19,23:30,2,B,A,0
6/19/19,23:30,3,B,D,7
6/19/19,23:30,4,B,C,0
6/19/19,23:30,5,B,D,0
6/19/19,23:30,6,B,C,0
6/19/19,23:30,7,B,B,0
6/19/19,23:30,8,B,A,0
6/19/19,23:45,1,D,D,0
6/19/19,23:45,2,D,B,0
6/19/19,23:45,3,D,A,0
6/19/19,23:45,4,D,C,3
6/19/19,23:45,5,D,A,0
6/19/19,23:45,6,D,D,0
6/19/19,23:45,7,D,C,0
6/19/19,23:45,8,D,B,0
6/21/19,22:00,1,A,A,0
6/21/19,22:00,2,A,B,0
6/21/19,22:00,3,A,D,1
6/21/19,22:00,4,A,C,0
6/21/19,22:00,5,A,D,0
6/21/19,22:00,6,A,C,0
6/21/19,22:00,7,A,A,0
6/21/19,22:00,8,A,B,0
6/21/19,22:15,1,D,C,0
6/21/19,22:15,2,D,A,0
6/21/19,22:15,3,D,D,0
6/21/19,22:15,4,D,B,0
6/21/19,22:15,5,D,A,0
6/21/19,22:15,6,D,C,0
6/21/19,22:15,7,D,B,1
6/21/19,22:15,8,D,D,0
6/21/19,22:30,1,A,D,0
6/21/19,22:30,2,A,A,0
6/21/19,22:30,3,A,C,0
6/21/19,22:30,4,A,B,0
6/21/19,22:30,5,A,D,0
6/21/19,22:30,6,A,C,0
6/21/19,22:30,7,A,A,0
6/21/19,22:30,8,A,B,0
6/21/19,22:45,1,R,B,0
6/21/19,22:45,2,R,A,0
6/21/19,22:45,3,R,C,0
6/21/19,22:45,4,R,D,0
6/21/19,22:45,5,R,D,0
6/21/19,22:45,6,R,A,0
6/21/19,22:45,7,R,C,0
6/21/19,22:45,8,R,B,0
6/21/19,23:00,1,B,D,1
6/21/19,23:00,2,B,A,1
6/21/19,23:00,3,B,C,1
6/21/19,23:00,4,B,B,0
6/21/19,23:00,5,B,B,2
6/21/19,23:00,6,B,D,1
6/21/19,23:00,7,B,C,2
6/21/19,23:00,8,B,A,0
6/21/19,23:15,1,D,C,0
6/21/19,23:15,2,D,A,0
6/21/19,23:15,3,D,D,0
6/21/19,23:15,4,D,B,0
6/21/19,23:15,5,D,C,0
6/21/19,23:15,6,D,D,0
6/21/19,23:15,7,D,B,0
6/21/19,23:15,8,D,A,0
6/21/19,23:30,1,R,B,0
6/21/19,23:30,2,R,A,0
6/21/19,23:30,3,R,C,0
6/21/19,23:30,4,R,D,0
6/21/19,23:30,5,R,B,0
6/21/19,23:30,6,R,C,0
6/21/19,23:30,7,R,A,0
6/21/19,23:30,8,R,D,0
6/21/19,23:45,1,B,B,0
6/21/19,23:45,2,B,C,0
6/21/19,23:45,3,B,A,0
6/21/19,23:45,4,B,D,0
6/21/19,23:45,5,B,D,0
6/21/19,23:45,6,B,A,0
6/21/19,23:45,7,B,B,0
6/21/19,23:45,8,B,C,0
6/21/19,22:00,1,R,D,0
6/21/19,22:00,2,R,A,0
6/21/19,22:00,3,R,B,0
6/21/19,22:00,4,R,C,0
6/21/19,22:00,5,R,B,0
6/21/19,22:00,6,R,A,0
6/21/19,22:00,7,R,D,1
6/21/19,22:00,8,R,C,0
6/21/19,22:15,1,A,A,0
6/21/19,22:15,2,A,B,0
6/21/19,22:15,3,A,D,0
6/21/19,22:15,4,A,C,0
6/21/19,22:15,5,A,B,0
6/21/19,22:15,6,A,C,0
6/21/19,22:15,7,A,D,0
6/21/19,22:15,8,A,A,0
6/21/19,22:30,1,D,C,0
6/21/19,22:30,2,D,B,0
6/21/19,22:30,3,D,A,0
6/21/19,22:30,4,D,D,1
6/21/19,22:30,5,D,C,0
6/21/19,22:30,6,D,A,1
6/21/19,22:30,7,D,B,0
6/21/19,22:30,8,D,D,0
6/21/19,22:45,1,A,A,0
6/21/19,22:45,2,A,B,0
6/21/19,22:45,3,A,D,0
6/21/19,22:45,4,A,C,0
6/21/19,22:45,5,A,A,0
6/21/19,22:45,6,A,D,0
6/21/19,22:45,7,A,B,0
6/21/19,22:45,8,A,C,0
6/21/19,23:00,1,R,B,0
6/21/19,23:00,2,R,C,1
6/21/19,23:00,3,R,D,1
6/21/19,23:00,4,R,A,1
6/21/19,23:00,5,R,A,0
6/21/19,23:00,6,R,D,0
6/21/19,23:00,7,R,B,0
6/21/19,23:00,8,R,C,0
6/21/19,23:15,1,B,C,1
6/21/19,23:15,2,B,B,2
6/21/19,23:15,3,B,D,2
6/21/19,23:15,4,B,A,0
6/21/19,23:15,5,B,A,1
6/21/19,23:15,6,B,D,1
6/21/19,23:15,7,B,C,0
6/21/19,23:15,8,B,B,0
6/21/19,23:30,1,B,B,0
6/21/19,23:30,2,B,D,1
6/21/19,23:30,3,B,A,1
6/21/19,23:30,4,B,C,0
6/21/19,23:30,5,B,D,2
6/21/19,23:30,6,B,A,0
6/21/19,23:30,7,B,C,0
6/21/19,23:30,8,B,B,1
6/21/19,23:45,1,D,C,0
6/21/19,23:45,2,D,A,1
6/21/19,23:45,3,D,B,0
6/21/19,23:45,4,D,D,0
6/21/19,23:45,5,D,D,0
6/21/19,23:45,6,D,A,0
6/21/19,23:45,7,D,B,0
6/21/19,23:45,8,D,C,0
6/22/19,22:00,1,D,A,0
6/22/19,22:00,2,D,B,0
6/22/19,22:00,3,D,D,1
6/22/19,22:00,4,D,C,2
6/22/19,22:00,5,D,A,0
6/22/19,22:00,6,D,B,4
6/22/19,22:00,7,D,C,0
6/22/19,22:00,8,D,D,2
6/22/19,22:15,1,R,D,0
6/22/19,22:15,2,R,C,0
6/22/19,22:15,3,R,B,0
6/22/19,22:15,4,R,A,1
6/22/19,22:15,5,R,A,0
6/22/19,22:15,6,R,C,0
6/22/19,22:15,7,R,B,0
6/22/19,22:15,8,R,D,0
6/22/19,22:30,1,A,D,0
6/22/19,22:30,2,A,A,0
6/22/19,22:30,3,A,B,0
6/22/19,22:30,4,A,C,0
6/22/19,22:30,5,A,D,0
6/22/19,22:30,6,A,C,0
6/22/19,22:30,7,A,A,0
6/22/19,22:30,8,A,B,0
6/22/19,22:45,1,D,C,2
6/22/19,22:45,2,D,A,0
6/22/19,22:45,3,D,B,1
6/22/19,22:45,4,D,D,2
6/22/19,22:45,5,D,B,1
6/22/19,22:45,6,D,A,1
6/22/19,22:45,7,D,D,2
6/22/19,22:45,8,D,C,2
6/22/19,23:00,1,R,C,0
6/22/19,23:00,2,R,D,0
6/22/19,23:00,3,R,A,1
6/22/19,23:00,4,R,B,0
6/22/19,23:00,5,R,C,0
6/22/19,23:00,6,R,A,1
6/22/19,23:00,7,R,D,0
6/22/19,23:00,8,R,B,0
6/22/19,23:15,1,B,A,0
6/22/19,23:15,2,B,D,0
6/22/19,23:15,3,B,B,1
6/22/19,23:15,4,B,C,0
6/22/19,23:15,5,B,D,0
6/22/19,23:15,6,B,C,1
6/22/19,23:15,7,B,B,0
6/22/19,23:15,8,B,A,0
6/22/19,23:30,1,B,A,0
6/22/19,23:30,2,B,B,0
6/22/19,23:30,3,B,C,0
6/22/19,23:30,4,B,D,0
6/22/19,23:30,5,B,A,0
6/22/19,23:30,6,B,C,0
6/22/19,23:30,7,B,B,0
6/22/19,23:30,8,B,D,0
6/22/19,23:45,1,A,B,0
6/22/19,23:45,2,A,A,0
6/22/19,23:45,3,A,C,0
6/22/19,23:45,4,A,D,0
6/22/19,23:45,5,A,C,0
6/22/19,23:45,6,A,D,1
6/22/19,23:45,7,A,B,0
6/22/19,23:45,8,A,A,0
6/22/19,22:00,1,A,D,0
6/22/19,22:00,2,A,A,0
6/22/19,22:00,3,A,C,0
6/22/19,22:00,4,A,B,0
6/22/19,22:00,5,A,B,0
6/22/19,22:00,6,A,D,0
6/22/19,22:00,7,A,C,0
6/22/19,22:00,8,A,A,0
6/22/19,22:15,1,D,C,1
6/22/19,22:15,2,D,A,0
6/22/19,22:15,3,D,B,5
6/22/19,22:15,4,D,D,2
6/22/19,22:15,5,D,D,4
6/22/19,22:15,6,D,B,1
6/22/19,22:15,7,D,C,1
6/22/19,22:15,8,D,A,0
6/22/19,22:30,1,D,D,1
6/22/19,22:30,2,D,C,2
6/22/19,22:30,3,D,B,2
6/22/19,22:30,4,D,A,0
6/22/19,22:30,5,D,A,0
6/22/19,22:30,6,D,B,1
6/22/19,22:30,7,D,D,3
6/22/19,22:30,8,D,C,1
6/22/19,22:45,1,R,D,0
6/22/19,22:45,2,R,C,0
6/22/19,22:45,3,R,A,1
6/22/19,22:45,4,R,B,0
6/22/19,22:45,5,R,B,0
6/22/19,22:45,6,R,D,0
6/22/19,22:45,7,R,A,0
6/22/19,22:45,8,R,C,0
6/22/19,23:00,1,B,B,0
6/22/19,23:00,2,B,C,0
6/22/19,23:00,3,B,D,0
6/22/19,23:00,4,B,A,0
6/22/19,23:00,5,B,D,0
6/22/19,23:00,6,B,B,0
6/22/19,23:00,7,B,A,0
6/22/19,23:00,8,B,C,0
6/22/19,23:15,1,A,A,0
6/22/19,23:15,2,A,D,1
6/22/19,23:15,3,A,C,0
6/22/19,23:15,4,A,B,0
6/22/19,23:15,5,A,D,1
6/22/19,23:15,6,A,A,0
6/22/19,23:15,7,A,C,0
6/22/19,23:15,8,A,B,0
6/22/19,23:30,1,R,A,0
6/22/19,23:30,2,R,C,0
6/22/19,23:30,3,R,B,0
6/22/19,23:30,4,R,D,0
6/22/19,23:30,5,R,B,0
6/22/19,23:30,6,R,A,0
6/22/19,23:30,7,R,C,0
6/22/19,23:30,8,R,D,0
6/22/19,23:45,1,B,C,0
6/22/19,23:45,2,B,D,0
6/22/19,23:45,3,B,B,0
6/22/19,23:45,4,B,A,0
6/22/19,23:45,5,B,C,0
6/22/19,23:45,6,B,A,0
6/22/19,23:45,7,B,B,0
6/22/19,23:45,8,B,D,0
6/23/19,22:00,1,A,D,3
6/23/19,22:00,2,A,A,0
6/23/19,22:00,3,A,B,0
6/23/19,22:00,4,A,C,0
6/23/19,22:00,5,A,C,0
6/23/19,22:00,6,A,D,1
6/23/19,22:00,7,A,B,0
6/23/19,22:00,8,A,A,0
6/23/19,22:15,1,D,D,1
6/23/19,22:15,2,D,C,2
6/23/19,22:15,3,D,B,0
6/23/19,22:15,4,D,A,0
6/23/19,22:15,5,D,D,0
6/23/19,22:15,6,D,C,4
6/23/19,22:15,7,D,A,2
6/23/19,22:15,8,D,B,0
6/23/19,22:30,1,D,B,2
6/23/19,22:30,2,D,A,0
6/23/19,22:30,3,D,C,1
6/23/19,22:30,4,D,D,2
6/23/19,22:30,5,D,B,2
6/23/19,22:30,6,D,A,0
6/23/19,22:30,7,D,C,4
6/23/19,22:30,8,D,D,0
6/23/19,22:45,1,B,D,0
6/23/19,22:45,2,B,B,0
6/23/19,22:45,3,B,C,0
6/23/19,22:45,4,B,A,0
6/23/19,22:45,5,B,B,0
6/23/19,22:45,6,B,A,1
6/23/19,22:45,7,B,C,0
6/23/19,22:45,8,B,D,1
6/23/19,23:00,1,R,D,0
6/23/19,23:00,2,R,B,0
6/23/19,23:00,3,R,C,0
6/23/19,23:00,4,R,A,0
6/23/19,23:00,5,R,C,0
6/23/19,23:00,6,R,A,0
6/23/19,23:00,7,R,D,0
6/23/19,23:00,8,R,B,0
6/23/19,23:15,1,A,D,1
6/23/19,23:15,2,A,A,0
6/23/19,23:15,3,A,B,0
6/23/19,23:15,4,A,C,0
6/23/19,23:15,5,A,A,0
6/23/19,23:15,6,A,B,0
6/23/19,23:15,7,A,C,1
6/23/19,23:15,8,A,D,0
6/23/19,23:30,1,B,D,0
6/23/19,23:30,2,B,B,0
6/23/19,23:30,3,B,A,0
6/23/19,23:30,4,B,C,1
6/23/19,23:30,5,B,D,0
6/23/19,23:30,6,B,B,0
6/23/19,23:30,7,B,C,0
6/23/19,23:30,8,B,A,0
6/23/19,23:45,1,R,D,0
6/23/19,23:45,2,R,C,0
6/23/19,23:45,3,R,A,0
6/23/19,23:45,4,R,B,0
6/23/19,23:45,5,R,D,0
6/23/19,23:45,6,R,A,0
6/23/19,23:45,7,R,C,0
6/23/19,23:45,8,R,B,0
6/23/19,22:00,1,D,C,0
6/23/19,22:00,2,D,A,0
6/23/19,22:00,3,D,B,3
6/23/19,22:00,4,D,D,0
6/23/19,22:00,5,D,B,1
6/23/19,22:00,6,D,C,3
6/23/19,22:00,7,D,D,4
6/23/19,22:00,8,D,A,0
6/23/19,22:15,1,A,D,1
6/23/19,22:15,2,A,B,0
6/23/19,22:15,3,A,A,0
6/23/19,22:15,4,A,C,0
6/23/19,22:15,5,A,A,0
6/23/19,22:15,6,A,C,0
6/23/19,22:15,7,A,B,0
6/23/19,22:15,8,A,D,0
6/23/19,22:30,1,B,C,0
6/23/19,22:30,2,B,B,0
6/23/19,22:30,3,B,D,0
6/23/19,22:30,4,B,A,0
6/23/19,22:30,5,B,B,0
6/23/19,22:30,6,B,C,0
6/23/19,22:30,7,B,D,0
6/23/19,22:30,8,B,A,0
6/23/19,22:45,1,A,A,0
6/23/19,22:45,2,A,D,0
6/23/19,22:45,3,A,B,0
6/23/19,22:45,4,A,C,0
6/23/19,22:45,5,A,C,0
6/23/19,22:45,6,A,D,0
6/23/19,22:45,7,A,A,0
6/23/19,22:45,8,A,B,0
6/23/19,23:00,1,D,A,0
6/23/19,23:00,2,D,D,0
6/23/19,23:00,3,D,B,1
6/23/19,23:00,4,D,C,2
6/23/19,23:00,5,D,B,0
6/23/19,23:00,6,D,A,0
6/23/19,23:00,7,D,D,0
6/23/19,23:00,8,D,C,1
6/23/19,23:15,1,R,A,0
6/23/19,23:15,2,R,D,4
6/23/19,23:15,3,R,B,0
6/23/19,23:15,4,R,C,0
6/23/19,23:15,5,R,A,0
6/23/19,23:15,6,R,B,0
6/23/19,23:15,7,R,C,0
6/23/19,23:15,8,R,D,1
6/23/19,23:30,1,R,B,0
6/23/19,23:30,2,R,A,0
6/23/19,23:30,3,R,D,0
6/23/19,23:30,4,R,C,0
6/23/19,23:30,5,R,C,0
6/23/19,23:30,6,R,B,0
6/23/19,23:30,7,R,D,0
6/23/19,23:30,8,R,A,0
6/23/19,23:45,1,B,A,0
6/23/19,23:45,2,B,C,0
6/23/19,23:45,3,B,D,0
6/23/19,23:45,4,B,B,0
6/23/19,23:45,5,B,C,0
6/23/19,23:45,6,B,D,0
6/23/19,23:45,7,B,A,0
6/23/19,23:45,8,B,B,0
6/25/19,22:00,1,R,C,1
6/25/19,22:00,2,R,B,0
6/25/19,22:00,3,R,A,0
6/25/19,22:00,4,R,D,2
6/25/19,22:00,5,R,B,0
6/25/19,22:00,6,R,A,0
6/25/19,22:00,7,R,C,1
6/25/19,22:00,8,R,D,0
6/25/19,22:15,1,D,A,0
6/25/19,22:15,2,D,B,0
6/25/19,22:15,3,D,C,0
6/25/19,22:15,4,D,D,2
6/25/19,22:15,5,D,B,0
6/25/19,22:15,6,D,A,0
6/25/19,22:15,7,D,C,0
6/25/19,22:15,8,D,D,0
6/25/19,22:30,1,R,B,0
6/25/19,22:30,2,R,A,0
6/25/19,22:30,3,R,C,0
6/25/19,22:30,4,R,D,0
6/25/19,22:30,5,R,B,0
6/25/19,22:30,6,R,A,0
6/25/19,22:30,7,R,C,2
6/25/19,22:30,8,R,D,0
6/25/19,22:45,1,A,B,1
6/25/19,22:45,2,A,D,0
6/25/19,22:45,3,A,A,0
6/25/19,22:45,4,A,C,0
6/25/19,22:45,5,A,B,0
6/25/19,22:45,6,A,C,0
6/25/19,22:45,7,A,A,0
6/25/19,22:45,8,A,B,0
6/25/19,23:00,1,B,A,0
6/25/19,23:00,2,B,C,1
6/25/19,23:00,3,B,D,0
6/25/19,23:00,4,B,B,0
6/25/19,23:00,5,B,C,0
6/25/19,23:00,6,B,A,0
6/25/19,23:00,7,B,B,0
6/25/19,23:00,8,B,D,1
6/25/19,23:15,1,D,C,0
6/25/19,23:15,2,D,D,0
6/25/19,23:15,3,D,A,0
6/25/19,23:15,4,D,B,0
6/25/19,23:15,5,D,C,0
6/25/19,23:15,6,D,B,0
6/25/19,23:15,7,D,A,0
6/25/19,23:15,8,D,D,0
6/25/19,23:30,1,D,C,0
6/25/19,23:30,2,D,D,1
6/25/19,23:30,3,D,B,0
6/25/19,23:30,4,D,A,0
6/25/19,23:30,5,D,B,0
6/25/19,23:30,6,D,D,0
6/25/19,23:30,7,D,A,0
6/25/19,23:30,8,D,C,0
6/25/19,23:45,1,B,A,0
6/25/19,23:45,2,B,B,1
6/25/19,23:45,3,B,D,0
6/25/19,23:45,4,B,C,0
6/25/19,23:45,5,B,B,0
6/25/19,23:45,6,B,A,0
6/25/19,23:45,7,B,D,0
6/25/19,23:45,8,B,C,0
6/25/19,22:00,1,A,C,0
6/25/19,22:00,2,A,D,1
6/25/19,22:00,3,A,B,0
6/25/19,22:00,4,A,A,0
6/25/19,22:00,5,A,A,0
6/25/19,22:00,6,A,D,0
6/25/19,22:00,7,A,B,0
6/25/19,22:00,8,A,C,0
6/25/19,22:15,1,R,A,0
6/25/19,22:15,2,R,C,3
6/25/19,22:15,3,R,B,1
6/25/19,22:15,4,R,D,1
6/25/19,22:15,5,R,B,0
6/25/19,22:15,6,R,A,0
6/25/19,22:15,7,R,D,2
6/25/19,22:15,8,R,C,2
6/25/19,22:30,1,D,D,2
6/25/19,22:30,2,D,A,0
6/25/19,22:30,3,D,C,1
6/25/19,22:30,4,D,B,0
6/25/19,22:30,5,D,A,0
6/25/19,22:30,6,D,D,2
6/25/19,22:30,7,D,C,0
6/25/19,22:30,8,D,B,0
6/25/19,22:45,1,B,B,1
6/25/19,22:45,2,B,A,0
6/25/19,22:45,3,B,C,1
6/25/19,22:45,4,B,D,0
6/25/19,22:45,5,B,B,0
6/25/19,22:45,6,B,A,0
6/25/19,22:45,7,B,C,0
6/25/19,22:45,8,B,D,0
6/25/19,23:00,1,A,B,0
6/25/19,23:00,2,A,D,0
6/25/19,23:00,3,A,C,0
6/25/19,23:00,4,A,A,0
6/25/19,23:00,5,A,A,0
6/25/19,23:00,6,A,C,0
6/25/19,23:00,7,A,B,0
6/25/19,23:00,8,A,D,0
6/25/19,23:15,1,R,A,0
6/25/19,23:15,2,R,B,0
6/25/19,23:15,3,R,C,1
6/25/19,23:15,4,R,D,0
6/25/19,23:15,5,R,C,2
6/25/19,23:15,6,R,B,0
6/25/19,23:15,7,R,D,2
6/25/19,23:15,8,R,A,0
6/25/19,23:30,1,B,D,0
6/25/19,23:30,2,B,B,0
6/25/19,23:30,3,B,A,0
6/25/19,23:30,4,B,C,1
6/25/19,23:30,5,B,B,0
6/25/19,23:30,6,B,C,3
6/25/19,23:30,7,B,D,0
6/25/19,23:30,8,B,A,0
6/25/19,23:45,1,D,C,0
6/25/19,23:45,2,D,A,2
6/25/19,23:45,3,D,B,0
6/25/19,23:45,4,D,D,0
6/25/19,23:45,5,D,A,0
6/25/19,23:45,6,D,C,0
6/25/19,23:45,7,D,D,0
6/25/19,23:45,8,D,B,0
6/26/19,22:00,1,B,C,0
6/26/19,22:00,2,B,B,0
6/26/19,22:00,3,B,D,0
6/26/19,22:00,4,B,A,0
6/26/19,22:00,5,B,D,0
6/26/19,22:00,6,B,C,0
6/26/19,22:00,7,B,B,0
6/26/19,22:00,8,B,A,0
6/26/19,22:15,1,A,A,0
6/26/19,22:15,2,A,B,0
6/26/19,22:15,3,A,D,0
6/26/19,22:15,4,A,C,0
6/26/19,22:15,5,A,A,0
6/26/19,22:15,6,A,C,0
6/26/19,22:15,7,A,B,0
6/26/19,22:15,8,A,D,1
6/26/19,22:30,1,A,C,0
6/26/19,22:30,2,A,A,0
6/26/19,22:30,3,A,B,0
6/26/19,22:30,4,A,D,0
6/26/19,22:30,5,A,C,0
6/26/19,22:30,6,A,D,2
6/26/19,22:30,7,A,B,0
6/26/19,22:30,8,A,A,0
6/26/19,22:45,1,D,C,0
6/26/19,22:45,2,D,B,0
6/26/19,22:45,3,D,A,3
6/26/19,22:45,4,D,D,1
6/26/19,22:45,5,D,D,1
6/26/19,22:45,6,D,A,0
6/26/19,22:45,7,D,C,2
6/26/19,22:45,8,D,B,1
6/26/19,23:00,1,B,B,0
6/26/19,23:00,2,B,C,0
6/26/19,23:00,3,B,D,0
6/26/19,23:00,4,B,A,0
6/26/19,23:00,5,B,A,0
6/26/19,23:00,6,B,C,0
6/26/19,23:00,7,B,B,0
6/26/19,23:00,8,B,D,3
6/26/19,23:15,1,R,D,0
6/26/19,23:15,2,R,A,0
6/26/19,23:15,3,R,C,1
6/26/19,23:15,4,R,B,0
6/26/19,23:15,5,R,A,0
6/26/19,23:15,6,R,C,1
6/26/19,23:15,7,R,D,0
6/26/19,23:15,8,R,B,0
6/26/19,23:30,1,D,A,0
6/26/19,23:30,2,D,D,0
6/26/19,23:30,3,D,B,0
6/26/19,23:30,4,D,C,0
6/26/19,23:30,5,D,C,0
6/26/19,23:30,6,D,A,0
6/26/19,23:30,7,D,B,0
6/26/19,23:30,8,D,D,3
6/26/19,23:45,1,R,C,1
6/26/19,23:45,2,R,D,1
6/26/19,23:45,3,R,A,0
6/26/19,23:45,4,R,B,0
6/26/19,23:45,5,R,B,3
6/26/19,23:45,6,R,C,0
6/26/19,23:45,7,R,D,0
6/26/19,23:45,8,R,A,1
6/26/19,22:00,1,A,B,0
6/26/19,22:00,2,A,D,0
6/26/19,22:00,3,A,C,0
6/26/19,22:00,4,A,A,0
6/26/19,22:00,5,A,B,0
6/26/19,22:00,6,A,D,0
6/26/19,22:00,7,A,A,0
6/26/19,22:00,8,A,C,0
6/26/19,22:15,1,D,D,0
6/26/19,22:15,2,D,A,0
6/26/19,22:15,3,D,C,1
6/26/19,22:15,4,D,B,2
6/26/19,22:15,5,D,C,3
6/26/19,22:15,6,D,A,0
6/26/19,22:15,7,D,B,1
6/26/19,22:15,8,D,D,0
6/26/19,22:30,1,D,A,0
6/26/19,22:30,2,D,C,2
6/26/19,22:30,3,D,B,0
6/26/19,22:30,4,D,D,0
6/26/19,22:30,5,D,C,0
6/26/19,22:30,6,D,B,1
6/26/19,22:30,7,D,A,0
6/26/19,22:30,8,D,D,1
6/26/19,22:45,1,B,B,0
6/26/19,22:45,2,B,D,4
6/26/19,22:45,3,B,A,0
6/26/19,22:45,4,B,C,0
6/26/19,22:45,5,B,D,8
6/26/19,22:45,6,B,C,1
6/26/19,22:45,7,B,A,0
6/26/19,22:45,8,B,B,0
6/26/19,23:00,1,R,A,0
6/26/19,23:00,2,R,C,1
6/26/19,23:00,3,R,D,0
6/26/19,23:00,4,R,B,0
6/26/19,23:00,5,R,A,0
6/26/19,23:00,6,R,C,0
6/26/19,23:00,7,R,D,4
6/26/19,23:00,8,R,B,1
6/26/19,23:15,1,A,D,1
6/26/19,23:15,2,A,C,0
6/26/19,23:15,3,A,A,0
6/26/19,23:15,4,A,B,0
6/26/19,23:15,5,A,C,0
6/26/19,23:15,6,A,D,4
6/26/19,23:15,7,A,A,0
6/26/19,23:15,8,A,B,0
6/26/19,23:30,1,R,B,0
6/26/19,23:30,2,R,A,0
6/26/19,23:30,3,R,D,3
6/26/19,23:30,4,R,C,1
6/26/19,23:30,5,R,A,0
6/26/19,23:30,6,R,C,0
6/26/19,23:30,7,R,B,0
6/26/19,23:30,8,R,D,2
6/26/19,23:45,1,B,C,0
6/26/19,23:45,2,B,A,0
6/26/19,23:45,3,B,D,1
6/26/19,23:45,4,B,B,0
6/26/19,23:45,5,B,D,0
6/26/19,23:45,6,B,A,0
6/26/19,23:45,7,B,B,0
6/26/19,23:45,8,B,C,0
6/27/19,22:00,1,A,B,0
6/27/19,22:00,2,A,A,0
6/27/19,22:00,3,A,D,0
6/27/19,22:00,4,A,C,0
6/27/19,22:00,5,A,A,0
6/27/19,22:00,6,A,D,0
6/27/19,22:00,7,A,C,0
6/27/19,22:00,8,A,B,0
6/27/19,22:15,1,R,C,1
6/27/19,22:15,2,R,A,0
6/27/19,22:15,3,R,B,0
6/27/19,22:15,4,R,D,0
6/27/19,22:15,5,R,B,0
6/27/19,22:15,6,R,A,0
6/27/19,22:15,7,R,D,3
6/27/19,22:15,8,R,C,1
6/27/19,22:30,1,D,C,2
6/27/19,22:30,2,D,B,0
6/27/19,22:30,3,D,A,0
6/27/19,22:30,4,D,D,0
6/27/19,22:30,5,D,D,0
6/27/19,22:30,6,D,C,0
6/27/19,22:30,7,D,B,0
6/27/19,22:30,8,D,A,1
6/27/19,22:45,1,B,A,0
6/27/19,22:45,2,B,D,0
6/27/19,22:45,3,B,C,0
6/27/19,22:45,4,B,B,1
6/27/19,22:45,5,B,B,0
6/27/19,22:45,6,B,A,0
6/27/19,22:45,7,B,D,0
6/27/19,22:45,8,B,C,1
6/27/19,23:00,1,A,B,0
6/27/19,23:00,2,A,C,0
6/27/19,23:00,3,A,D,2
6/27/19,23:00,4,A,A,0
6/27/19,23:00,5,A,B,0
6/27/19,23:00,6,A,A,0
6/27/19,23:00,7,A,D,3
6/27/19,23:00,8,A,C,1
6/27/19,23:15,1,R,C,2
6/27/19,23:15,2,R,D,0
6/27/19,23:15,3,R,A,0
6/27/19,23:15,4,R,B,0
6/27/19,23:15,5,R,A,0
6/27/19,23:15,6,R,C,0
6/27/19,23:15,7,R,B,0
6/27/19,23:15,8,R,D,0
6/27/19,23:30,1,B,A,0
6/27/19,23:30,2,B,D,2
6/27/19,23:30,3,B,C,0
6/27/19,23:30,4,B,B,0
6/27/19,23:30,5,B,A,0
6/27/19,23:30,6,B,D,1
6/27/19,23:30,7,B,C,0
6/27/19,23:30,8,B,B,0
6/27/19,23:45,1,D,D,3
6/27/19,23:45,2,D,C,0
6/27/19,23:45,3,D,B,2
6/27/19,23:45,4,D,A,0
6/27/19,23:45,5,D,C,0
6/27/19,23:45,6,D,D,1
6/27/19,23:45,7,D,B,0
6/27/19,23:45,8,D,A,0
6/27/19,22:00,1,D,D,0
6/27/19,22:00,2,D,C,0
6/27/19,22:00,3,D,B,0
6/27/19,22:00,4,D,A,0
6/27/19,22:00,5,D,B,0
6/27/19,22:00,6,D,A,0
6/27/19,22:00,7,D,D,1
6/27/19,22:00,8,D,C,0
6/27/19,22:15,1,B,B,0
6/27/19,22:15,2,B,D,1
6/27/19,22:15,3,B,A,0
6/27/19,22:15,4,B,C,0
6/27/19,22:15,5,B,C,0
6/27/19,22:15,6,B,A,0
6/27/19,22:15,7,B,B,0
6/27/19,22:15,8,B,D,0
6/27/19,22:30,1,R,A,0
6/27/19,22:30,2,R,D,1
6/27/19,22:30,3,R,C,0
6/27/19,22:30,4,R,B,0
6/27/19,22:30,5,R,D,6
6/27/19,22:30,6,R,C,0
6/27/19,22:30,7,R,B,0
6/27/19,22:30,8,R,A,0
6/27/19,22:45,1,A,B,0
6/27/19,22:45,2,A,D,0
6/27/19,22:45,3,A,C,0
6/27/19,22:45,4,A,A,2
6/27/19,22:45,5,A,C,0
6/27/19,22:45,6,A,B,0
6/27/19,22:45,7,A,D,0
6/27/19,22:45,8,A,A,0
6/27/19,23:00,1,B,C,0
6/27/19,23:00,2,B,B,0
6/27/19,23:00,3,B,A,0
6/27/19,23:00,4,B,D,0
6/27/19,23:00,5,B,D,0
6/27/19,23:00,6,B,A,0
6/27/19,23:00,7,B,B,0
6/27/19,23:00,8,B,C,1
6/27/19,23:15,1,D,D,0
6/27/19,23:15,2,D,C,0
6/27/19,23:15,3,D,A,1
6/27/19,23:15,4,D,B,0
6/27/19,23:15,5,D,A,0
6/27/19,23:15,6,D,D,4
6/27/19,23:15,7,D,C,0
6/27/19,23:15,8,D,B,1
6/27/19,23:30,1,R,D,3
6/27/19,23:30,2,R,A,0
6/27/19,23:30,3,R,B,0
6/27/19,23:30,4,R,C,0
6/27/19,23:30,5,R,B,0
6/27/19,23:30,6,R,D,0
6/27/19,23:30,7,R,A,0
6/27/19,23:30,8,R,C,0
6/27/19,23:45,1,A,A,0
6/27/19,23:45,2,A,C,0
6/27/19,23:45,3,A,B,0
6/27/19,23:45,4,A,D,1
6/27/19,23:45,5,A,C,0
6/27/19,23:45,6,A,A,0
6/27/19,23:45,7,A,D,0
6/27/19,23:45,8,A,B,0
6/28/19,22:00,1,A,D,1
6/28/19,22:00,2,A,A,0
6/28/19,22:00,3,A,C,0
6/28/19,22:00,4,A,B,0
6/28/19,22:00,5,A,A,0
6/28/19,22:00,6,A,D,0
6/28/19,22:00,7,A,C,0
6/28/19,22:00,8,A,B,0
6/28/19,22:15,1,D,B,1
6/28/19,22:15,2,D,A,0
6/28/19,22:15,3,D,C,3
6/28/19,22:15,4,D,D,0
6/28/19,22:15,5,D,D,0
6/28/19,22:15,6,D,B,0
6/28/19,22:15,7,D,A,0
6/28/19,22:15,8,D,C,0
6/28/19,22:30,1,R,B,0
6/28/19,22:30,2,R,A,0
6/28/19,22:30,3,R,D,2
6/28/19,22:30,4,R,C,1
6/28/19,22:30,5,R,C,0
6/28/19,22:30,6,R,B,0
6/28/19,22:30,7,R,D,2
6/28/19,22:30,8,R,A,0
6/28/19,22:45,1,A,B,0
6/28/19,22:45,2,A,D,2
6/28/19,22:45,3,A,C,0
6/28/19,22:45,4,A,A,0
6/28/19,22:45,5,A,C,0
6/28/19,22:45,6,A,A,0
6/28/19,22:45,7,A,D,5
6/28/19,22:45,8,A,B,0
6/28/19,23:00,1,B,D,5
6/28/19,23:00,2,B,A,0
6/28/19,23:00,3,B,B,0
6/28/19,23:00,4,B,C,0
6/28/19,23:00,5,B,D,4
6/28/19,23:00,6,B,C,0
6/28/19,23:00,7,B,A,0
6/28/19,23:00,8,B,B,0
6/28/19,23:15,1,D,A,0
6/28/19,23:15,2,D,C,0
6/28/19,23:15,3,D,D,2
6/28/19,23:15,4,D,B,0
6/28/19,23:15,5,D,D,2
6/28/19,23:15,6,D,B,0
6/28/19,23:15,7,D,A,0
6/28/19,23:15,8,D,C,0
6/28/19,23:30,1,B,C,0
6/28/19,23:30,2,B,D,4
6/28/19,23:30,3,B,A,0
6/28/19,23:30,4,B,B,2
6/28/19,23:30,5,B,B,0
6/28/19,23:30,6,B,A,0
6/28/19,23:30,7,B,D,0
6/28/19,23:30,8,B,C,0
6/28/19,23:45,1,R,D,9
6/28/19,23:45,2,R,C,0
6/28/19,23:45,3,R,B,0
6/28/19,23:45,4,R,A,1
6/28/19,23:45,5,R,B,0
6/28/19,23:45,6,R,C,1
6/28/19,23:45,7,R,A,0
6/28/19,23:45,8,R,D,2
6/28/19,22:00,1,R,A,0
6/28/19,22:00,2,R,B,0
6/28/19,22:00,3,R,C,0
6/28/19,22:00,4,R,D,1
6/28/19,22:00,5,R,C,1
6/28/19,22:00,6,R,D,0
6/28/19,22:00,7,R,A,0
6/28/19,22:00,8,R,B,0
6/28/19,22:15,1,B,A,0
6/28/19,22:15,2,B,B,0
6/28/19,22:15,3,B,C,0
6/28/19,22:15,4,B,D,2
6/28/19,22:15,5,B,B,0
6/28/19,22:15,6,B,C,0
6/28/19,22:15,7,B,D,2
6/28/19,22:15,8,B,A,0
6/28/19,22:30,1,A,D,0
6/28/19,22:30,2,A,C,0
6/28/19,22:30,3,A,B,0
6/28/19,22:30,4,A,A,0
6/28/19,22:30,5,A,C,0
6/28/19,22:30,6,A,D,4
6/28/19,22:30,7,A,A,0
6/28/19,22:30,8,A,B,0
6/28/19,22:45,1,D,C,2
6/28/19,22:45,2,D,B,0
6/28/19,22:45,3,D,D,2
6/28/19,22:45,4,D,A,0
6/28/19,22:45,5,D,A,0
6/28/19,22:45,6,D,B,0
6/28/19,22:45,7,D,C,0
6/28/19,22:45,8,D,D,1
6/28/19,23:00,1,R,C,0
6/28/19,23:00,2,R,D,1
6/28/19,23:00,3,R,B,0
6/28/19,23:00,4,R,A,0
6/28/19,23:00,5,R,C,1
6/28/19,23:00,6,R,A,0
6/28/19,23:00,7,R,D,1
6/28/19,23:00,8,R,B,2
6/28/19,23:15,1,B,D,0
6/28/19,23:15,2,B,B,0
6/28/19,23:15,3,B,C,0
6/28/19,23:15,4,B,A,0
6/28/19,23:15,5,B,B,0
6/28/19,23:15,6,B,C,0
6/28/19,23:15,7,B,D,0
6/28/19,23:15,8,B,A,0
6/28/19,23:30,1,A,B,0
6/28/19,23:30,2,A,D,2
6/28/19,23:30,3,A,A,2
6/28/19,23:30,4,A,C,0
6/28/19,23:30,5,A,B,0
6/28/19,23:30,6,A,C,0
6/28/19,23:30,7,A,A,0
6/28/19,23:30,8,A,D,0
6/28/19,23:45,1,D,B,0
6/28/19,23:45,2,D,A,0
6/28/19,23:45,3,D,C,0
6/28/19,23:45,4,D,D,1
6/28/19,23:45,5,D,A,0
6/28/19,23:45,6,D,B,0
6/28/19,23:45,7,D,D,0
6/28/19,23:45,8,D,C,0
6/29/19,22:00,1,R,D,0
6/29/19,22:00,2,R,C,0
6/29/19,22:00,3,R,B,0
6/29/19,22:00,4,R,A,0
6/29/19,22:00,5,R,C,0
6/29/19,22:00,6,R,B,0
6/29/19,22:00,7,R,D,1
6/29/19,22:00,8,R,A,0
6/29/19,22:15,1,B,D,0
6/29/19,22:15,2,B,A,0
6/29/19,22:15,3,B,B,0
6/29/19,22:15,4,B,C,0
6/29/19,22:15,5,B,C,0
6/29/19,22:15,6,B,D,1
6/29/19,22:15,7,B,B,0
6/29/19,22:15,8,B,A,0
6/29/19,22:30,1,D,A,0
6/29/19,22:30,2,D,B,0
6/29/19,22:30,3,D,C,0
6/29/19,22:30,4,D,D,3
6/29/19,22:30,5,D,B,0
6/29/19,22:30,6,D,A,0
6/29/19,22:30,7,D,D,0
6/29/19,22:30,8,D,C,0
6/29/19,22:45,1,R,D,0
6/29/19,22:45,2,R,C,0
6/29/19,22:45,3,R,B,0
6/29/19,22:45,4,R,A,0
6/29/19,22:45,5,R,A,0
6/29/19,22:45,6,R,B,0
6/29/19,22:45,7,R,D,1
6/29/19,22:45,8,R,C,0
6/29/19,23:00,1,A,C,0
6/29/19,23:00,2,A,D,0
6/29/19,23:00,3,A,B,0
6/29/19,23:00,4,A,A,0
6/29/19,23:00,5,A,B,0
6/29/19,23:00,6,A,D,2
6/29/19,23:00,7,A,A,0
6/29/19,23:00,8,A,C,0
6/29/19,23:15,1,B,C,1
6/29/19,23:15,2,B,A,0
6/29/19,23:15,3,B,D,3
6/29/19,23:15,4,B,B,0
6/29/19,23:15,5,B,D,4
6/29/19,23:15,6,B,A,0
6/29/19,23:15,7,B,C,1
6/29/19,23:15,8,B,B,0
6/29/19,23:30,1,A,A,0
6/29/19,23:30,2,A,B,0
6/29/19,23:30,3,A,D,1
6/29/19,23:30,4,A,C,0
6/29/19,23:30,5,A,B,0
6/29/19,23:30,6,A,A,0
6/29/19,23:30,7,A,C,0
6/29/19,23:30,8,A,D,1
6/29/19,23:45,1,D,C,1
6/29/19,23:45,2,D,A,0
6/29/19,23:45,3,D,D,2
6/29/19,23:45,4,D,B,0
6/29/19,23:45,5,D,C,0
6/29/19,23:45,6,D,D,1
6/29/19,23:45,7,D,B,0
6/29/19,23:45,8,D,A,0
6/29/19,22:00,1,B,B,0
6/29/19,22:00,2,B,A,0
6/29/19,22:00,3,B,C,0
6/29/19,22:00,4,B,D,0
6/29/19,22:00,5,B,A,0
6/29/19,22:00,6,B,C,0
6/29/19,22:00,7,B,D,0
6/29/19,22:00,8,B,B,0
6/29/19,22:15,1,D,D,1
6/29/19,22:15,2,D,A,0
6/29/19,22:15,3,D,C,0
6/29/19,22:15,4,D,B,0
6/29/19,22:15,5,D,A,0
6/29/19,22:15,6,D,C,0
6/29/19,22:15,7,D,B,0
6/29/19,22:15,8,D,D,1
6/29/19,22:30,1,B,B,0
6/29/19,22:30,2,B,A,0
6/29/19,22:30,3,B,D,2
6/29/19,22:30,4,B,C,0
6/29/19,22:30,5,B,C,0
6/29/19,22:30,6,B,D,1
6/29/19,22:30,7,B,A,0
6/29/19,22:30,8,B,B,0
6/29/19,22:45,1,A,D,3
6/29/19,22:45,2,A,B,1
6/29/19,22:45,3,A,C,0
6/29/19,22:45,4,A,A,0
6/29/19,22:45,5,A,A,0
6/29/19,22:45,6,A,B,0
6/29/19,22:45,7,A,C,0
6/29/19,22:45,8,A,D,1
6/29/19,23:00,1,D,B,2
6/29/19,23:00,2,D,C,1
6/29/19,23:00,3,D,D,1
6/29/19,23:00,4,D,A,0
6/29/19,23:00,5,D,C,1
6/29/19,23:00,6,D,A,0
6/29/19,23:00,7,D,D,4
6/29/19,23:00,8,D,B,0
6/29/19,23:15,1,R,A,0
6/29/19,23:15,2,R,B,0
6/29/19,23:15,3,R,C,0
6/29/19,23:15,4,R,D,1
6/29/19,23:15,5,R,A,0
6/29/19,23:15,6,R,C,0
6/29/19,23:15,7,R,B,0
6/29/19,23:15,8,R,D,5
6/29/19,23:30,1,R,A,0
6/29/19,23:30,2,R,C,0
6/29/19,23:30,3,R,B,0
6/29/19,23:30,4,R,D,2
6/29/19,23:30,5,R,B,0
6/29/19,23:30,6,R,A,0
6/29/19,23:30,7,R,D,2
6/29/19,23:30,8,R,C,0
6/29/19,23:45,1,A,C,0
6/29/19,23:45,2,A,B,0
6/29/19,23:45,3,A,D,0
6/29/19,23:45,4,A,A,0
6/29/19,23:45,5,A,B,0
6/29/19,23:45,6,A,C,0
6/29/19,23:45,7,A,D,0
6/29/19,23:45,8,A,A,0
6/30/19,22:00,1,R,A,0
6/30/19,22:00,2,R,B,0
6/30/19,22:00,3,R,C,0
6/30/19,22:00,4,R,D,1
6/30/19,22:00,5,R,D,0
6/30/19,22:00,6,R,C,0
6/30/19,22:00,7,R,B,0
6/30/19,22:00,8,R,A,0
6/30/19,22:15,1,A,B,0
6/30/19,22:15,2,A,A,0
6/30/19,22:15,3,A,C,0
6/30/19,22:15,4,A,D,1
6/30/19,22:15,5,A,B,0
6/30/19,22:15,6,A,A,0
6/30/19,22:15,7,A,C,0
6/30/19,22:15,8,A,D,0
6/30/19,22:30,1,A,D,1
6/30/19,22:30,2,A,C,0
6/30/19,22:30,3,A,A,0
6/30/19,22:30,4,A,B,0
6/30/19,22:30,5,A,D,0
6/30/19,22:30,6,A,C,0
6/30/19,22:30,7,A,B,0
6/30/19,22:30,8,A,A,0
6/30/19,22:45,1,R,B,0
6/30/19,22:45,2,R,D,1
6/30/19,22:45,3,R,C,0
6/30/19,22:45,4,R,A,0
6/30/19,22:45,5,R,B,0
6/30/19,22:45,6,R,C,0
6/30/19,22:45,7,R,D,2
6/30/19,22:45,8,R,A,0
6/30/19,23:00,1,D,C,3
6/30/19,23:00,2,D,D,3
6/30/19,23:00,3,D,A,1
6/30/19,23:00,4,D,B,1
6/30/19,23:00,5,D,A,0
6/30/19,23:00,6,D,B,1
6/30/19,23:00,7,D,C,2
6/30/19,23:00,8,D,D,1
6/30/19,23:15,1,B,A,0
6/30/19,23:15,2,B,C,0
6/30/19,23:15,3,B,D,0
6/30/19,23:15,4,B,B,0
6/30/19,23:15,5,B,C,0
6/30/19,23:15,6,B,D,0
6/30/19,23:15,7,B,A,0
6/30/19,23:15,8,B,B,0
6/30/19,22:00,1,A,D,0
6/30/19,22:00,2,A,A,0
6/30/19,22:00,3,A,B,0
6/30/19,22:00,4,A,C,0
6/30/19,22:00,5,A,C,0
6/30/19,22:00,6,A,B,0
6/30/19,22:00,7,A,A,0
6/30/19,22:00,8,A,D,0
6/30/19,22:15,1,B,A,0
6/30/19,22:15,2,B,D,0
6/30/19,22:15,3,B,C,0
6/30/19,22:15,4,B,B,0
6/30/19,22:15,5,B,D,0
6/30/19,22:15,6,B,A,0
6/30/19,22:15,7,B,C,0
6/30/19,22:15,8,B,B,0
6/30/19,22:30,1,R,A,0
6/30/19,22:30,2,R,B,0
6/30/19,22:30,3,R,C,0
6/30/19,22:30,4,R,D,1
6/30/19,22:30,5,R,D,3
6/30/19,22:30,6,R,C,0
6/30/19,22:30,7,R,B,0
6/30/19,22:30,8,R,A,0
6/30/19,22:45,1,D,D,5
6/30/19,22:45,2,D,C,1
6/30/19,22:45,3,D,B,1
6/30/19,22:45,4,D,A,0
6/30/19,22:45,5,D,B,0
6/30/19,22:45,6,D,D,2
6/30/19,22:45,7,D,A,0
6/30/19,22:45,8,D,C,1
6/30/19,23:00,1,B,C,0
6/30/19,23:00,2,B,D,0
6/30/19,23:00,3,B,A,0
6/30/19,23:00,4,B,B,0
6/30/19,23:00,5,B,D,0
6/30/19,23:00,6,B,A,0
6/30/19,23:00,7,B,B,0
6/30/19,23:00,8,B,C,0
6/30/19,23:15,1,A,C,0
6/30/19,23:15,2,A,D,1
6/30/19,23:15,3,A,A,0
6/30/19,23:15,4,A,B,0
6/30/19,23:15,5,A,A,0
6/30/19,23:15,6,A,C,0
6/30/19,23:15,7,A,D,0
6/30/19,23:15,8,A,B,0
7/1/19,22:00,1,A,A,0
7/1/19,22:00,2,A,B,0
7/1/19,22:00,3,A,D,0
7/1/19,22:00,4,A,C,0
7/1/19,22:00,5,A,B,0
7/1/19,22:00,6,A,A,0
7/1/19,22:00,7,A,D,5
7/1/19,22:00,8,A,C,0
7/1/19,22:15,1,B,B,0
7/1/19,22:15,2,B,C,0
7/1/19,22:15,3,B,D,0
7/1/19,22:15,4,B,A,0
7/1/19,22:15,5,B,B,0
7/1/19,22:15,6,B,D,0
7/1/19,22:15,7,B,C,0
7/1/19,22:15,8,B,A,0
7/1/19,22:30,1,D,D,2
7/1/19,22:30,2,D,A,0
7/1/19,22:30,3,D,C,1
7/1/19,22:30,4,D,B,2
7/1/19,22:30,5,D,C,1
7/1/19,22:30,6,D,A,0
7/1/19,22:30,7,D,D,1
7/1/19,22:30,8,D,B,0
7/1/19,22:45,1,A,C,0
7/1/19,22:45,2,A,A,1
7/1/19,22:45,3,A,D,3
7/1/19,22:45,4,A,B,0
7/1/19,22:45,5,A,D,1
7/1/19,22:45,6,A,B,0
7/1/19,22:45,7,A,C,0
7/1/19,22:45,8,A,A,0
7/1/19,23:00,1,B,A,0
7/1/19,23:00,2,B,C,0
7/1/19,23:00,3,B,B,0
7/1/19,23:00,4,B,D,1
7/1/19,23:00,5,B,A,0
7/1/19,23:00,6,B,D,0
7/1/19,23:00,7,B,B,1
7/1/19,23:00,8,B,C,0
7/1/19,23:15,1,R,B,0
7/1/19,23:15,2,R,A,1
7/1/19,23:15,3,R,C,0
7/1/19,23:15,4,R,D,2
7/1/19,23:15,5,R,B,0
7/1/19,23:15,6,R,A,1
7/1/19,23:15,7,R,D,2
7/1/19,23:15,8,R,C,0
7/1/19,23:30,1,R,C,0
7/1/19,23:30,2,R,A,0
7/1/19,23:30,3,R,D,0
7/1/19,23:30,4,R,B,0
7/1/19,23:30,5,R,B,0
7/1/19,23:30,6,R,D,2
7/1/19,23:30,7,R,C,0
7/1/19,23:30,8,R,A,0
7/1/19,23:45,1,D,C,2
7/1/19,23:45,2,D,A,0
7/1/19,23:45,3,D,D,2
7/1/19,23:45,4,D,B,0
7/1/19,23:45,5,D,C,0
7/1/19,23:45,6,D,B,1
7/1/19,23:45,7,D,A,0
7/1/19,23:45,8,D,D,4
7/1/19,22:00,1,R,B,0
7/1/19,22:00,2,R,A,0
7/1/19,22:00,3,R,C,0
7/1/19,22:00,4,R,D,5
7/1/19,22:00,5,R,D,5
7/1/19,22:00,6,R,A,0
7/1/19,22:00,7,R,C,0
7/1/19,22:00,8,R,B,0
7/1/19,22:15,1,D,B,0
7/1/19,22:15,2,D,D,1
7/1/19,22:15,3,D,A,1
7/1/19,22:15,4,D,C,0
7/1/19,22:15,5,D,C,0
7/1/19,22:15,6,D,A,0
7/1/19,22:15,7,D,B,0
7/1/19,22:15,8,D,D,1
7/1/19,22:30,1,A,A,0
7/1/19,22:30,2,A,D,5
7/1/19,22:30,3,A,C,0
7/1/19,22:30,4,A,B,0
7/1/19,22:30,5,A,B,0
7/1/19,22:30,6,A,A,0
7/1/19,22:30,7,A,C,0
7/1/19,22:30,8,A,D,4
7/1/19,22:45,1,R,D,4
7/1/19,22:45,2,R,B,0
7/1/19,22:45,3,R,A,0
7/1/19,22:45,4,R,C,0
7/1/19,22:45,5,R,B,0
7/1/19,22:45,6,R,A,0
7/1/19,22:45,7,R,D,1
7/1/19,22:45,8,R,C,0
7/1/19,23:00,1,D,B,0
7/1/19,23:00,2,D,C,1
7/1/19,23:00,3,D,D,0
7/1/19,23:00,4,D,A,0
7/1/19,23:00,5,D,A,0
7/1/19,23:00,6,D,C,0
7/1/19,23:00,7,D,B,0
7/1/19,23:00,8,D,D,3
7/1/19,23:15,1,B,D,0
7/1/19,23:15,2,B,A,0
7/1/19,23:15,3,B,C,1
7/1/19,23:15,4,B,B,0
7/1/19,23:15,5,B,A,0
7/1/19,23:15,6,B,C,1
7/1/19,23:15,7,B,D,1
7/1/19,23:15,8,B,B,0
7/1/19,23:30,1,B,A,2
7/1/19,23:30,2,B,B,0
7/1/19,23:30,3,B,D,2
7/1/19,23:30,4,B,C,0
7/1/19,23:30,5,B,B,0
7/1/19,23:30,6,B,D,2
7/1/19,23:30,7,B,C,0
7/1/19,23:30,8,B,A,0
7/1/19,23:45,1,A,C,0
7/1/19,23:45,2,A,B,0
7/1/19,23:45,3,A,D,0
7/1/19,23:45,4,A,A,0
7/1/19,23:45,5,A,C,0
7/1/19,23:45,6,A,B,0
7/1/19,23:45,7,A,A,0
7/1/19,23:45,8,A,D,1
7/2/19,22:00,1,A,A,0
7/2/19,22:00,2,A,D,0
7/2/19,22:00,3,A,C,0
7/2/19,22:00,4,A,B,0
7/2/19,22:00,5,A,A,0
7/2/19,22:00,6,A,D,0
7/2/19,22:00,7,A,C,0
7/2/19,22:00,8,A,B,0
7/2/19,22:15,1,D,D,2
7/2/19,22:15,2,D,B,0
7/2/19,22:15,3,D,A,0
7/2/19,22:15,4,D,C,0
7/2/19,22:15,5,D,A,0
7/2/19,22:15,6,D,C,0
7/2/19,22:15,7,D,D,0
7/2/19,22:15,8,D,B,0
7/2/19,22:30,1,A,C,0
7/2/19,22:30,2,A,A,0
7/2/19,22:30,3,A,D,0
7/2/19,22:30,4,A,B,0
7/2/19,22:30,5,A,D,0
7/2/19,22:30,6,A,B,0
7/2/19,22:30,7,A,C,0
7/2/19,22:30,8,A,A,0
7/2/19,22:45,1,D,A,0
7/2/19,22:45,2,D,C,1
7/2/19,22:45,3,D,D,0
7/2/19,22:45,4,D,B,0
7/2/19,22:45,5,D,B,0
7/2/19,22:45,6,D,C,0
7/2/19,22:45,7,D,D,0
7/2/19,22:45,8,D,A,0
7/2/19,23:00,1,B,C,0
7/2/19,23:00,2,B,D,3
7/2/19,23:00,3,B,B,0
7/2/19,23:00,4,B,A,0
7/2/19,23:00,5,B,D,2
7/2/19,23:00,6,B,A,0
7/2/19,23:00,7,B,C,0
7/2/19,23:00,8,B,B,0
7/2/19,23:15,1,R,C,0
7/2/19,23:15,2,R,D,2
7/2/19,23:15,3,R,B,1
7/2/19,23:15,4,R,A,0
7/2/19,23:15,5,R,B,0
7/2/19,23:15,6,R,A,0
7/2/19,23:15,7,R,D,0
7/2/19,23:15,8,R,C,0
7/2/19,23:30,1,R,C,0
7/2/19,23:30,2,R,D,0
7/2/19,23:30,3,R,A,0
7/2/19,23:30,4,R,B,0
7/2/19,23:30,5,R,D,1
7/2/19,23:30,6,R,B,0
7/2/19,23:30,7,R,A,0
7/2/19,23:30,8,R,C,0
7/2/19,23:45,1,B,C,0
7/2/19,23:45,2,B,B,0
7/2/19,23:45,3,B,A,0
7/2/19,23:45,4,B,D,0
7/2/19,23:45,5,B,A,1
7/2/19,23:45,6,B,C,0
7/2/19,23:45,7,B,B,0
7/2/19,23:45,8,B,D,1
7/2/19,22:00,1,B,B,0
7/2/19,22:00,2,B,D,0
7/2/19,22:00,3,B,A,0
7/2/19,22:00,4,B,C,0
7/2/19,22:00,5,B,C,0
7/2/19,22:00,6,B,A,0
7/2/19,22:00,7,B,B,0
7/2/19,22:00,8,B,D,0
7/2/19,22:15,1,A,C,0
7/2/19,22:15,2,A,D,0
7/2/19,22:15,3,A,B,0
7/2/19,22:15,4,A,A,0
7/2/19,22:15,5,A,A,0
7/2/19,22:15,6,A,B,0
7/2/19,22:15,7,A,D,0
7/2/19,22:15,8,A,C,0
7/2/19,22:30,1,D,D,0
7/2/19,22:30,2,D,C,0
7/2/19,22:30,3,D,A,0
7/2/19,22:30,4,D,B,1
7/2/19,22:30,5,D,C,0
7/2/19,22:30,6,D,D,3
7/2/19,22:30,7,D,A,0
7/2/19,22:30,8,D,B,0
7/2/19,22:45,1,A,C,0
7/2/19,22:45,2,A,B,0
7/2/19,22:45,3,A,D,0
7/2/19,22:45,4,A,A,0
7/2/19,22:45,5,A,D,0
7/2/19,22:45,6,A,C,0
7/2/19,22:45,7,A,B,0
7/2/19,22:45,8,A,A,0
7/2/19,23:00,1,R,A,0
7/2/19,23:00,2,R,C,0
7/2/19,23:00,3,R,D,0
7/2/19,23:00,4,R,B,1
7/2/19,23:00,5,R,C,0
7/2/19,23:00,6,R,B,0
7/2/19,23:00,7,R,D,0
7/2/19,23:00,8,R,A,0
7/2/19,23:15,1,B,B,0
7/2/19,23:15,2,B,D,2
7/2/19,23:15,3,B,C,3
7/2/19,23:15,4,B,A,0
7/2/19,23:15,5,B,C,4
7/2/19,23:15,6,B,A,0
7/2/19,23:15,7,B,B,0
7/2/19,23:15,8,B,D,3
7/2/19,23:30,1,D,A,0
7/2/19,23:30,2,D,D,6
7/2/19,23:30,3,D,B,0
7/2/19,23:30,4,D,C,5
7/2/19,23:30,5,D,A,0
7/2/19,23:30,6,D,B,1
7/2/19,23:30,7,D,D,2
7/2/19,23:30,8,D,C,7
7/2/19,23:45,1,R,A,0
7/2/19,23:45,2,R,D,2
7/2/19,23:45,3,R,C,0
7/2/19,23:45,4,R,B,0
7/2/19,23:45,5,R,C,0
7/2/19,23:45,6,R,A,0
7/2/19,23:45,7,R,D,0
7/2/19,23:45,8,R,B,0
7/5/19,22:00,1,B,C,0
7/5/19,22:00,2,B,B,0
7/5/19,22:00,3,B,D,0
7/5/19,22:00,4,B,A,0
7/5/19,22:00,5,B,A,0
7/5/19,22:00,6,B,C,0
7/5/19,22:00,7,B,B,0
7/5/19,22:00,8,B,D,0
7/5/19,22:15,1,D,C,0
7/5/19,22:15,2,D,A,0
7/5/19,22:15,3,D,B,0
7/5/19,22:15,4,D,D,2
7/5/19,22:15,5,D,B,0
7/5/19,22:15,6,D,C,0
7/5/19,22:15,7,D,A,0
7/5/19,22:15,8,D,D,0
7/5/19,22:30,1,A,B,0
7/5/19,22:30,2,A,A,0
7/5/19,22:30,3,A,D,0
7/5/19,22:30,4,A,C,0
7/5/19,22:30,5,A,C,0
7/5/19,22:30,6,A,A,0
7/5/19,22:30,7,A,B,0
7/5/19,22:30,8,A,D,0
7/5/19,22:45,1,R,C,0
7/5/19,22:45,2,R,A,0
7/5/19,22:45,3,R,D,3
7/5/19,22:45,4,R,B,0
7/5/19,22:45,5,R,D,1
7/5/19,22:45,6,R,A,0
7/5/19,22:45,7,R,C,0
7/5/19,22:45,8,R,B,0
7/5/19,23:00,1,D,C,0
7/5/19,23:00,2,D,A,1
7/5/19,23:00,3,D,B,1
7/5/19,23:00,4,D,D,0
7/5/19,23:00,5,D,A,0
7/5/19,23:00,6,D,C,0
7/5/19,23:00,7,D,D,0
7/5/19,23:00,8,D,B,0
7/5/19,23:15,1,B,D,0
7/5/19,23:15,2,B,A,0
7/5/19,23:15,3,B,B,0
7/5/19,23:15,4,B,C,0
7/5/19,23:15,5,B,D,3
7/5/19,23:15,6,B,C,0
7/5/19,23:15,7,B,B,0
7/5/19,23:15,8,B,A,0
7/5/19,22:00,1,R,A,0
7/5/19,22:00,2,R,C,0
7/5/19,22:00,3,R,D,0
7/5/19,22:00,4,R,B,0
7/5/19,22:00,5,R,C,0
7/5/19,22:00,6,R,D,0
7/5/19,22:00,7,R,B,0
7/5/19,22:00,8,R,A,0
7/5/19,22:15,1,A,C,0
7/5/19,22:15,2,A,B,0
7/5/19,22:15,3,A,A,0
7/5/19,22:15,4,A,D,0
7/5/19,22:15,5,A,A,0
7/5/19,22:15,6,A,B,0
7/5/19,22:15,7,A,C,0
7/5/19,22:15,8,A,D,0
7/5/19,22:30,1,D,A,0
7/5/19,22:30,2,D,D,0
7/5/19,22:30,3,D,B,1
7/5/19,22:30,4,D,C,0
7/5/19,22:30,5,D,B,0
7/5/19,22:30,6,D,A,0
7/5/19,22:30,7,D,D,0
7/5/19,22:30,8,D,C,0
7/5/19,22:45,1,A,C,1
7/5/19,22:45,2,A,A,0
7/5/19,22:45,3,A,D,0
7/5/19,22:45,4,A,B,0
7/5/19,22:45,5,A,B,0
7/5/19,22:45,6,A,C,0
7/5/19,22:45,7,A,A,0
7/5/19,22:45,8,A,D,3
7/5/19,23:00,1,B,D,4
7/5/19,23:00,2,B,C,0
7/5/19,23:00,3,B,B,0
7/5/19,23:00,4,B,A,0
7/5/19,23:00,5,B,C,0
7/5/19,23:00,6,B,D,1
7/5/19,23:00,7,B,A,0
7/5/19,23:00,8,B,B,0
7/5/19,23:15,1,R,B,0
7/5/19,23:15,2,R,A,0
7/5/19,23:15,3,R,C,0
7/5/19,23:15,4,R,D,4
7/5/19,23:15,5,R,B,0
7/5/19,23:15,6,R,D,2
7/5/19,23:15,7,R,A,0
7/5/19,23:15,8,R,C,0