no,site,region,site2,area,elevation,landuse,year,count1,count2,mean.density
1,AG01,CH.Central,Reusstal,2.23,384,arable,1992,NA,NA,NA
2,AG01,CH.Central,Reusstal,2.23,384,arable,1993,NA,NA,NA
3,AG01,CH.Central,Reusstal,2.23,384,arable,1994,NA,NA,NA
4,AG01,CH.Central,Reusstal,2.23,384,arable,1995,6,4,2.69058296
5,AG01,CH.Central,Reusstal,2.23,384,arable,1996,7,5,3.139013453
6,AG01,CH.Central,Reusstal,2.23,384,arable,1997,3,3,1.34529148
7,AG01,CH.Central,Reusstal,2.23,384,arable,1998,1,2,0.896860987
8,AG01,CH.Central,Reusstal,2.23,384,arable,1999,3,2,1.34529148
9,AG01,CH.Central,Reusstal,2.23,384,arable,2000,4,6,2.69058296
10,AG01,CH.Central,Reusstal,2.23,384,arable,2001,5,5,2.242152466
11,AG01,CH.Central,Reusstal,2.23,384,arable,2002,8,4,3.587443946
12,AG01,CH.Central,Reusstal,2.23,384,arable,2003,12,10,5.381165919
13,AG01,CH.Central,Reusstal,2.23,384,arable,2004,14,11,6.278026906
14,AG01,CH.Central,Reusstal,2.23,384,arable,2005,8,11,4.932735426
15,AG01,CH.Central,Reusstal,2.23,384,arable,2006,6,3,2.69058296
16,AG01,CH.Central,Reusstal,2.23,384,arable,2007,0,5,2.242152466
17,AG01,CH.Central,Reusstal,2.23,384,arable,2008,2,2,0.896860987
18,AG02,CH.Central,Reusstal,3.58,382,arable,1992,NA,NA,NA
19,AG02,CH.Central,Reusstal,3.58,382,arable,1993,NA,NA,NA
20,AG02,CH.Central,Reusstal,3.58,382,arable,1994,NA,NA,NA
21,AG02,CH.Central,Reusstal,3.58,382,arable,1995,10,9,2.793296089
22,AG02,CH.Central,Reusstal,3.58,382,arable,1996,7,9,2.51396648
23,AG02,CH.Central,Reusstal,3.58,382,arable,1997,7,6,1.955307263
24,AG02,CH.Central,Reusstal,3.58,382,arable,1998,5,7,1.955307263
25,AG02,CH.Central,Reusstal,3.58,382,arable,1999,8,6,2.234636872
26,AG02,CH.Central,Reusstal,3.58,382,arable,2000,14,12,3.910614525
27,AG02,CH.Central,Reusstal,3.58,382,arable,2001,7,16,4.469273743
28,AG02,CH.Central,Reusstal,3.58,382,arable,2002,22,15,6.145251397
29,AG02,CH.Central,Reusstal,3.58,382,arable,2003,9,13,3.631284916
30,AG02,CH.Central,Reusstal,3.58,382,arable,2004,3,15,4.189944134
31,AG02,CH.Central,Reusstal,3.58,382,arable,2005,8,8,2.234636872
32,AG02,CH.Central,Reusstal,3.58,382,arable,2006,4,9,2.51396648
33,AG02,CH.Central,Reusstal,3.58,382,arable,2007,3,6,1.675977654
34,AG02,CH.Central,Reusstal,3.58,382,arable,2008,6,8,2.234636872
35,AG03,CH.Central,Reusstal,4.79,384,arable,1992,NA,NA,NA
36,AG03,CH.Central,Reusstal,4.79,384,arable,1993,NA,NA,NA
37,AG03,CH.Central,Reusstal,4.79,384,arable,1994,NA,NA,NA
38,AG03,CH.Central,Reusstal,4.79,384,arable,1995,21,28,5.845511482
39,AG03,CH.Central,Reusstal,4.79,384,arable,1996,13,19,3.966597077
40,AG03,CH.Central,Reusstal,4.79,384,arable,1997,7,14,2.922755741
41,AG03,CH.Central,Reusstal,4.79,384,arable,1998,5,7,1.461377871
42,AG03,CH.Central,Reusstal,4.79,384,arable,1999,14,8,2.922755741
43,AG03,CH.Central,Reusstal,4.79,384,arable,2000,12,13,2.713987474
44,AG03,CH.Central,Reusstal,4.79,384,arable,2001,9,10,2.087682672
45,AG03,CH.Central,Reusstal,4.79,384,arable,2002,11,12,2.505219207
46,AG03,CH.Central,Reusstal,4.79,384,arable,2003,22,20,4.592901879
47,AG03,CH.Central,Reusstal,4.79,384,arable,2004,22,17,4.592901879
48,AG03,CH.Central,Reusstal,4.79,384,arable,2005,8,14,2.922755741
49,AG03,CH.Central,Reusstal,4.79,384,arable,2006,11,6,2.296450939
50,AG03,CH.Central,Reusstal,4.79,384,arable,2007,3,14,2.922755741
51,AG03,CH.Central,Reusstal,4.79,384,arable,2008,15,20,4.175365344
52,AG04,CH.Central,Reusstal,5.8,388,arable,1992,NA,NA,NA
53,AG04,CH.Central,Reusstal,5.8,388,arable,1993,NA,NA,NA
54,AG04,CH.Central,Reusstal,5.8,388,arable,1994,NA,NA,NA
55,AG04,CH.Central,Reusstal,5.8,388,arable,1995,12,7,2.068965517
56,AG04,CH.Central,Reusstal,5.8,388,arable,1996,5,4,0.862068966
57,AG04,CH.Central,Reusstal,5.8,388,arable,1997,1,1,0.172413793
58,AG04,CH.Central,Reusstal,5.8,388,arable,1998,1,2,0.344827586
59,AG04,CH.Central,Reusstal,5.8,388,arable,1999,2,NA,0.344827586
60,AG04,CH.Central,Reusstal,5.8,388,arable,2000,NA,2,0.344827586
61,AG04,CH.Central,Reusstal,5.8,388,arable,2001,NA,NA,NA
62,AG04,CH.Central,Reusstal,5.8,388,arable,2002,NA,NA,NA
63,AG04,CH.Central,Reusstal,5.8,388,arable,2003,3,NA,0.517241379
64,AG04,CH.Central,Reusstal,5.8,388,arable,2004,7,10,1.724137931
65,AG04,CH.Central,Reusstal,5.8,388,arable,2005,3,6,1.034482759
66,AG04,CH.Central,Reusstal,5.8,388,arable,2006,9,3,1.551724138
67,AG04,CH.Central,Reusstal,5.8,388,arable,2007,5,2,0.862068966
68,AG04,CH.Central,Reusstal,5.8,388,arable,2008,13,8,2.24137931
69,BE01,Aare,NA,2.44,510,arable,1992,8,11,4.508196721
70,BE01,Aare,NA,2.44,510,arable,1993,13,15,6.147540984
71,BE01,Aare,NA,2.44,510,arable,1994,1,6,2.459016393
72,BE01,Aare,NA,2.44,510,arable,1995,4,3,1.639344262
73,BE01,Aare,NA,2.44,510,arable,1996,NA,NA,NA
74,BE01,Aare,NA,2.44,510,arable,1997,NA,NA,NA
75,BE01,Aare,NA,2.44,510,arable,1998,8,9,3.68852459
76,BE01,Aare,NA,2.44,510,arable,1999,NA,NA,NA
77,BE01,Aare,NA,2.44,510,arable,2000,4,1,1.639344262
78,BE01,Aare,NA,2.44,510,arable,2001,NA,NA,NA
79,BE01,Aare,NA,2.44,510,arable,2002,NA,NA,NA
80,BE01,Aare,NA,2.44,510,arable,2003,NA,NA,NA
81,BE01,Aare,NA,2.44,510,arable,2004,NA,NA,NA
82,BE01,Aare,NA,2.44,510,arable,2005,1,2,0.819672131
83,BE01,Aare,NA,2.44,510,arable,2006,NA,NA,NA
84,BE01,Aare,NA,2.44,510,arable,2007,NA,NA,NA
85,BE01,Aare,NA,2.44,510,arable,2008,NA,NA,NA
86,BE02,Aare,NA,4.94,514,arable,1992,23,24,4.858299595
87,BE02,Aare,NA,4.94,514,arable,1993,19,30,6.072874494
88,BE02,Aare,NA,4.94,514,arable,1994,3,14,2.834008097
89,BE02,Aare,NA,4.94,514,arable,1995,12,16,3.238866397
90,BE02,Aare,NA,4.94,514,arable,1996,NA,NA,NA
91,BE02,Aare,NA,4.94,514,arable,1997,NA,NA,NA
92,BE02,Aare,NA,4.94,514,arable,1998,7,6,1.417004049
93,BE02,Aare,NA,4.94,514,arable,1999,NA,NA,NA
94,BE02,Aare,NA,4.94,514,arable,2000,9,10,2.024291498
95,BE02,Aare,NA,4.94,514,arable,2001,NA,NA,NA
96,BE02,Aare,NA,4.94,514,arable,2002,NA,NA,NA
97,BE02,Aare,NA,4.94,514,arable,2003,NA,NA,NA
98,BE02,Aare,NA,4.94,514,arable,2004,NA,NA,NA
99,BE02,Aare,NA,4.94,514,arable,2005,2,NA,0.4048583
100,BE02,Aare,NA,4.94,514,arable,2006,NA,NA,NA
101,BE02,Aare,NA,4.94,514,arable,2007,NA,NA,NA
102,BE02,Aare,NA,4.94,514,arable,2008,NA,NA,NA
103,BE03,Aare,NA,1.12,557,grass,1992,1,1,0.892857143
104,BE03,Aare,NA,1.12,557,grass,1993,NA,NA,NA
105,BE03,Aare,NA,1.12,557,grass,1994,1,NA,0.892857143
106,BE03,Aare,NA,1.12,557,grass,1995,1,1,0.892857143
107,BE03,Aare,NA,1.12,557,grass,1996,NA,NA,NA
108,BE03,Aare,NA,1.12,557,grass,1997,NA,NA,NA
109,BE03,Aare,NA,1.12,557,grass,1998,1,1,0.892857143
110,BE03,Aare,NA,1.12,557,grass,1999,NA,NA,NA
111,BE03,Aare,NA,1.12,557,grass,2000,2,1,1.785714286
112,BE03,Aare,NA,1.12,557,grass,2001,NA,NA,NA
113,BE03,Aare,NA,1.12,557,grass,2002,NA,NA,NA
114,BE03,Aare,NA,1.12,557,grass,2003,NA,NA,NA
115,BE03,Aare,NA,1.12,557,grass,2004,NA,NA,NA
116,BE03,Aare,NA,1.12,557,grass,2005,NA,NA,NA
117,BE03,Aare,NA,1.12,557,grass,2006,NA,NA,NA
118,BE03,Aare,NA,1.12,557,grass,2007,NA,NA,NA
119,BE03,Aare,NA,1.12,557,grass,2008,NA,NA,NA
120,BE04,Aare,NA,2.77,532,arable,1992,5,7,2.527075812
121,BE04,Aare,NA,2.77,532,arable,1993,8,10,3.610108303
122,BE04,Aare,NA,2.77,532,arable,1994,1,6,2.166064982
123,BE04,Aare,NA,2.77,532,arable,1995,9,8,3.249097473
124,BE04,Aare,NA,2.77,532,arable,1996,NA,NA,NA
125,BE04,Aare,NA,2.77,532,arable,1997,NA,NA,NA
126,BE04,Aare,NA,2.77,532,arable,1998,6,8,2.888086643
127,BE04,Aare,NA,2.77,532,arable,1999,NA,NA,NA
128,BE04,Aare,NA,2.77,532,arable,2000,21,8,7.581227437
129,BE04,Aare,NA,2.77,532,arable,2001,NA,NA,NA
130,BE04,Aare,NA,2.77,532,arable,2002,NA,NA,NA
131,BE04,Aare,NA,2.77,532,arable,2003,NA,NA,NA
132,BE04,Aare,NA,2.77,532,arable,2004,NA,NA,NA
133,BE04,Aare,NA,2.77,532,arable,2005,1,2,0.722021661
134,BE04,Aare,NA,2.77,532,arable,2006,NA,NA,NA
135,BE04,Aare,NA,2.77,532,arable,2007,NA,NA,NA
136,BE04,Aare,NA,2.77,532,arable,2008,NA,NA,NA
137,BE05,Aare,NA,1.97,532,grass,1992,2,6,3.045685279
138,BE05,Aare,NA,1.97,532,grass,1993,5,4,2.538071066
139,BE05,Aare,NA,1.97,532,grass,1994,1,1,0.507614213
140,BE05,Aare,NA,1.97,532,grass,1995,7,3,3.553299492
141,BE05,Aare,NA,1.97,532,grass,1996,NA,NA,NA
142,BE05,Aare,NA,1.97,532,grass,1997,NA,NA,NA
143,BE05,Aare,NA,1.97,532,grass,1998,1,NA,0.507614213
144,BE05,Aare,NA,1.97,532,grass,1999,NA,NA,NA
145,BE05,Aare,NA,1.97,532,grass,2000,3,1,1.52284264
146,BE05,Aare,NA,1.97,532,grass,2001,NA,NA,NA
147,BE05,Aare,NA,1.97,532,grass,2002,NA,NA,NA
148,BE05,Aare,NA,1.97,532,grass,2003,NA,NA,NA
149,BE05,Aare,NA,1.97,532,grass,2004,NA,NA,NA
150,BE05,Aare,NA,1.97,532,grass,2005,NA,NA,NA
151,BE05,Aare,NA,1.97,532,grass,2006,NA,NA,NA
152,BE05,Aare,NA,1.97,532,grass,2007,NA,NA,NA
153,BE05,Aare,NA,1.97,532,grass,2008,NA,NA,NA
154,BE06,Aare,NA,8.39,542,grass,1992,25,28,3.337306317
155,BE06,Aare,NA,8.39,542,grass,1993,23,30,3.57568534
156,BE06,Aare,NA,8.39,542,grass,1994,32,43,5.125148987
157,BE06,Aare,NA,8.39,542,grass,1995,44,24,5.244338498
158,BE06,Aare,NA,8.39,542,grass,1996,NA,NA,NA
159,BE06,Aare,NA,8.39,542,grass,1997,NA,NA,NA
160,BE06,Aare,NA,8.39,542,grass,1998,29,30,3.57568534
161,BE06,Aare,NA,8.39,542,grass,1999,NA,NA,NA
162,BE06,Aare,NA,8.39,542,grass,2000,30,23,3.57568534
163,BE06,Aare,NA,8.39,542,grass,2001,NA,NA,NA
164,BE06,Aare,NA,8.39,542,grass,2002,NA,NA,NA
165,BE06,Aare,NA,8.39,542,grass,2003,NA,NA,NA
166,BE06,Aare,NA,8.39,542,grass,2004,NA,NA,NA
167,BE06,Aare,NA,8.39,542,grass,2005,22,16,2.622169249
168,BE06,Aare,NA,8.39,542,grass,2006,NA,NA,NA
169,BE06,Aare,NA,8.39,542,grass,2007,NA,NA,NA
170,BE06,Aare,NA,8.39,542,grass,2008,NA,NA,NA
171,BE08,CH.W,Seeland,5.1,434,arable,1992,10,15,2.941176471
172,BE08,CH.W,Seeland,5.1,434,arable,1993,17,17,3.333333333
173,BE08,CH.W,Seeland,5.1,434,arable,1994,17,8,3.333333333
174,BE08,CH.W,Seeland,5.1,434,arable,1995,7,8,1.568627451
175,BE08,CH.W,Seeland,5.1,434,arable,1996,13,11,2.549019608
176,BE08,CH.W,Seeland,5.1,434,arable,1997,8,10,1.960784314
177,BE08,CH.W,Seeland,5.1,434,arable,1998,3,12,2.352941176
178,BE08,CH.W,Seeland,5.1,434,arable,1999,NA,NA,NA
179,BE08,CH.W,Seeland,5.1,434,arable,2000,10,8,1.960784314
180,BE08,CH.W,Seeland,5.1,434,arable,2001,14,9,2.745098039
181,BE08,CH.W,Seeland,5.1,434,arable,2002,12,13,2.549019608
182,BE08,CH.W,Seeland,5.1,434,arable,2003,5,6,1.176470588
183,BE08,CH.W,Seeland,5.1,434,arable,2004,8,11,2.156862745
184,BE08,CH.W,Seeland,5.1,434,arable,2005,7,7,1.37254902
185,BE08,CH.W,Seeland,5.1,434,arable,2006,2,10,1.960784314
186,BE08,CH.W,Seeland,5.1,434,arable,2007,9,10,1.960784314
187,BE08,CH.W,Seeland,5.1,434,arable,2008,9,14,2.745098039
188,BE09,CH.W,Seeland,19.51,432,arable,1992,130,156,7.995899539
189,BE09,CH.W,Seeland,19.51,432,arable,1993,148,157,8.047155305
190,BE09,CH.W,Seeland,19.51,432,arable,1994,170,151,8.713480267
191,BE09,CH.W,Seeland,19.51,432,arable,1995,169,141,8.6622245
192,BE09,CH.W,Seeland,19.51,432,arable,1996,NA,NA,NA
193,BE09,CH.W,Seeland,19.51,432,arable,1997,141,155,7.944643772
194,BE09,CH.W,Seeland,19.51,432,arable,1998,NA,NA,NA
195,BE09,CH.W,Seeland,19.51,432,arable,1999,NA,NA,NA
196,BE09,CH.W,Seeland,19.51,432,arable,2000,108,102,5.535622758
197,BE09,CH.W,Seeland,19.51,432,arable,2001,98,94,5.023065095
198,BE09,CH.W,Seeland,19.51,432,arable,2002,99,100,5.125576627
199,BE09,CH.W,Seeland,19.51,432,arable,2003,75,79,4.049205536
200,BE09,CH.W,Seeland,19.51,432,arable,2004,72,98,5.023065095
201,BE09,CH.W,Seeland,19.51,432,arable,2005,104,118,6.04818042
202,BE09,CH.W,Seeland,19.51,432,arable,2006,114,130,6.663249616
203,BE09,CH.W,Seeland,19.51,432,arable,2007,88,90,4.613018965
204,BE09,CH.W,Seeland,19.51,432,arable,2008,126,116,6.45822655
205,BE12,CH.W,Seeland,2.58,433,arable,1992,48,51,19.76744186
206,BE12,CH.W,Seeland,2.58,433,arable,1993,31,34,13.17829457
207,BE12,CH.W,Seeland,2.58,433,arable,1994,54,51,20.93023256
208,BE12,CH.W,Seeland,2.58,433,arable,1995,31,44,17.05426357
209,BE12,CH.W,Seeland,2.58,433,arable,1996,33,37,14.34108527
210,BE12,CH.W,Seeland,2.58,433,arable,1997,46,34,17.82945736
211,BE12,CH.W,Seeland,2.58,433,arable,1998,52,47,20.15503876
212,BE12,CH.W,Seeland,2.58,433,arable,1999,57,48,22.09302326
213,BE12,CH.W,Seeland,2.58,433,arable,2000,37,34,14.34108527
214,BE12,CH.W,Seeland,2.58,433,arable,2001,25,34,13.17829457
215,BE12,CH.W,Seeland,2.58,433,arable,2002,38,37,14.72868217
216,BE12,CH.W,Seeland,2.58,433,arable,2003,43,37,16.66666667
217,BE12,CH.W,Seeland,2.58,433,arable,2004,37,31,14.34108527
218,BE12,CH.W,Seeland,2.58,433,arable,2005,30,33,12.79069767
219,BE12,CH.W,Seeland,2.58,433,arable,2006,33,18,12.79069767
220,BE12,CH.W,Seeland,2.58,433,arable,2007,25,16,9.689922481
221,BE12,CH.W,Seeland,2.58,433,arable,2008,30,23,11.62790698
222,BE19,Aare,Aaretal,3.49,430,arable,1992,11,8,3.151862464
223,BE19,Aare,Aaretal,3.49,430,arable,1993,16,15,4.584527221
224,BE19,Aare,Aaretal,3.49,430,arable,1994,9,14,4.011461318
225,BE19,Aare,Aaretal,3.49,430,arable,1995,11,16,4.584527221
226,BE19,Aare,Aaretal,3.49,430,arable,1996,19,20,5.730659026
227,BE19,Aare,Aaretal,3.49,430,arable,1997,21,24,6.876790831
228,BE19,Aare,Aaretal,3.49,430,arable,1998,34,40,11.46131805
229,BE19,Aare,Aaretal,3.49,430,arable,1999,31,30,8.88252149
230,BE19,Aare,Aaretal,3.49,430,arable,2000,30,28,8.595988539
231,BE19,Aare,Aaretal,3.49,430,arable,2001,25,23,7.163323782
232,BE19,Aare,Aaretal,3.49,430,arable,2002,21,22,6.303724928
233,BE19,Aare,Aaretal,3.49,430,arable,2003,14,15,4.297994269
234,BE19,Aare,Aaretal,3.49,430,arable,2004,19,22,6.303724928
235,BE19,Aare,Aaretal,3.49,430,arable,2005,16,17,4.871060172
236,BE19,Aare,Aaretal,3.49,430,arable,2006,19,16,5.444126074
237,BE19,Aare,Aaretal,3.49,430,arable,2007,15,16,4.584527221
238,BE19,Aare,Aaretal,3.49,430,arable,2008,17,19,5.444126074
239,BE20,Aare,Aaretal,7.63,430,arable,1992,27,26,3.538663172
240,BE20,Aare,Aaretal,7.63,430,arable,1993,31,36,4.718217562
241,BE20,Aare,Aaretal,7.63,430,arable,1994,37,34,4.849279161
242,BE20,Aare,Aaretal,7.63,430,arable,1995,32,27,4.193971166
243,BE20,Aare,Aaretal,7.63,430,arable,1996,NA,NA,NA
244,BE20,Aare,Aaretal,7.63,430,arable,1997,34,36,4.718217562
245,BE20,Aare,Aaretal,7.63,430,arable,1998,NA,NA,NA
246,BE20,Aare,Aaretal,7.63,430,arable,1999,42,52,6.815203145
247,BE20,Aare,Aaretal,7.63,430,arable,2000,62,59,8.125819135
248,BE20,Aare,Aaretal,7.63,430,arable,2001,71,63,9.305373526
249,BE20,Aare,Aaretal,7.63,430,arable,2002,57,52,7.47051114
250,BE20,Aare,Aaretal,7.63,430,arable,2003,40,55,7.208387942
251,BE20,Aare,Aaretal,7.63,430,arable,2004,55,45,7.208387942
252,BE20,Aare,Aaretal,7.63,430,arable,2005,56,53,7.339449541
253,BE20,Aare,Aaretal,7.63,430,arable,2006,47,35,6.159895151
254,BE20,Aare,Aaretal,7.63,430,arable,2007,55,48,7.208387942
255,BE20,Aare,Aaretal,7.63,430,arable,2008,37,31,4.849279161
256,BE23,Aare,Emmental,5.04,480,arable,1992,9,10,1.984126984
257,BE23,Aare,Emmental,5.04,480,arable,1993,9,7,1.785714286
258,BE23,Aare,Emmental,5.04,480,arable,1994,2,4,0.793650794
259,BE23,Aare,Emmental,5.04,480,arable,1995,2,7,1.388888889
260,BE23,Aare,Emmental,5.04,480,arable,1996,NA,NA,NA
261,BE23,Aare,Emmental,5.04,480,arable,1997,NA,NA,NA
262,BE23,Aare,Emmental,5.04,480,arable,1998,NA,NA,NA
263,BE23,Aare,Emmental,5.04,480,arable,1999,8,9,1.785714286
264,BE23,Aare,Emmental,5.04,480,arable,2000,10,16,3.174603175
265,BE23,Aare,Emmental,5.04,480,arable,2001,NA,NA,NA
266,BE23,Aare,Emmental,5.04,480,arable,2002,8,7,1.587301587
267,BE23,Aare,Emmental,5.04,480,arable,2003,1,5,0.992063492
268,BE23,Aare,Emmental,5.04,480,arable,2004,4,7,1.388888889
269,BE23,Aare,Emmental,5.04,480,arable,2005,2,10,1.984126984
270,BE23,Aare,Emmental,5.04,480,arable,2006,5,5,0.992063492
271,BE23,Aare,Emmental,5.04,480,arable,2007,1,2,0.396825397
272,BE23,Aare,Emmental,5.04,480,arable,2008,1,2,0.396825397
273,BE24,Aare,Emmental,8.18,480,arable,1992,16,18,2.200488998
274,BE24,Aare,Emmental,8.18,480,arable,1993,27,32,3.91198044
275,BE24,Aare,Emmental,8.18,480,arable,1994,36,35,4.400977995
276,BE24,Aare,Emmental,8.18,480,arable,1995,29,32,3.91198044
277,BE24,Aare,Emmental,8.18,480,arable,1996,NA,NA,NA
278,BE24,Aare,Emmental,8.18,480,arable,1997,NA,NA,NA
279,BE24,Aare,Emmental,8.18,480,arable,1998,NA,NA,NA
280,BE24,Aare,Emmental,8.18,480,arable,1999,50,53,6.479217604
281,BE24,Aare,Emmental,8.18,480,arable,2000,48,53,6.479217604
282,BE24,Aare,Emmental,8.18,480,arable,2001,NA,NA,NA
283,BE24,Aare,Emmental,8.18,480,arable,2002,45,56,6.84596577
284,BE24,Aare,Emmental,8.18,480,arable,2003,26,34,4.156479218
285,BE24,Aare,Emmental,8.18,480,arable,2004,36,40,4.88997555
286,BE24,Aare,Emmental,8.18,480,arable,2005,27,25,3.300733496
287,BE24,Aare,Emmental,8.18,480,arable,2006,18,19,2.322738386
288,BE24,Aare,Emmental,8.18,480,arable,2007,17,21,2.567237164
289,BE24,Aare,Emmental,8.18,480,arable,2008,30,23,3.667481663
290,BE25,Aare,Emmental,9.87,493,arable,1992,25,24,2.532928065
291,BE25,Aare,Emmental,9.87,493,arable,1993,27,29,2.938196555
292,BE25,Aare,Emmental,9.87,493,arable,1994,23,37,3.748733536
293,BE25,Aare,Emmental,9.87,493,arable,1995,34,52,5.268490375
294,BE25,Aare,Emmental,9.87,493,arable,1996,NA,NA,NA
295,BE25,Aare,Emmental,9.87,493,arable,1997,NA,NA,NA
296,BE25,Aare,Emmental,9.87,493,arable,1998,NA,NA,NA
297,BE25,Aare,Emmental,9.87,493,arable,1999,35,55,5.572441743
298,BE25,Aare,Emmental,9.87,493,arable,2000,76,72,7.700101317
299,BE25,Aare,Emmental,9.87,493,arable,2001,NA,NA,NA
300,BE25,Aare,Emmental,9.87,493,arable,2002,38,64,6.484295846
301,BE25,Aare,Emmental,9.87,493,arable,2003,NA,NA,NA
302,BE25,Aare,Emmental,9.87,493,arable,2004,NA,NA,NA
303,BE25,Aare,Emmental,9.87,493,arable,2005,34,36,3.647416413
304,BE25,Aare,Emmental,9.87,493,arable,2006,NA,NA,NA
305,BE25,Aare,Emmental,9.87,493,arable,2007,NA,NA,NA
306,BE25,Aare,Emmental,9.87,493,arable,2008,NA,NA,NA
307,BE27,Aare,NA,2.59,436,arable,1992,22,10,8.494208494
308,BE27,Aare,NA,2.59,436,arable,1993,13,12,5.019305019
309,BE27,Aare,NA,2.59,436,arable,1994,7,11,4.247104247
310,BE27,Aare,NA,2.59,436,arable,1995,13,12,5.019305019
311,BE27,Aare,NA,2.59,436,arable,1996,NA,NA,NA
312,BE27,Aare,NA,2.59,436,arable,1997,NA,NA,NA
313,BE27,Aare,NA,2.59,436,arable,1998,7,5,2.702702703
314,BE27,Aare,NA,2.59,436,arable,1999,NA,NA,NA
315,BE27,Aare,NA,2.59,436,arable,2000,2,5,1.930501931
316,BE27,Aare,NA,2.59,436,arable,2001,NA,NA,NA
317,BE27,Aare,NA,2.59,436,arable,2002,NA,NA,NA
318,BE27,Aare,NA,2.59,436,arable,2003,NA,NA,NA
319,BE27,Aare,NA,2.59,436,arable,2004,NA,NA,NA
320,BE27,Aare,NA,2.59,436,arable,2005,1,1,0.386100386
321,BE27,Aare,NA,2.59,436,arable,2006,NA,NA,NA
322,BE27,Aare,NA,2.59,436,arable,2007,NA,NA,NA
323,BE27,Aare,NA,2.59,436,arable,2008,NA,NA,NA
324,BE28,Aare,NA,2.44,422,arable,1992,7,5,2.868852459
325,BE28,Aare,NA,2.44,422,arable,1993,6,4,2.459016393
326,BE28,Aare,NA,2.44,422,arable,1994,3,1,1.229508197
327,BE28,Aare,NA,2.44,422,arable,1995,NA,2,0.819672131
328,BE28,Aare,NA,2.44,422,arable,1996,NA,NA,NA
329,BE28,Aare,NA,2.44,422,arable,1997,NA,NA,NA
330,BE28,Aare,NA,2.44,422,arable,1998,NA,2,0.819672131
331,BE28,Aare,NA,2.44,422,arable,1999,NA,NA,NA
332,BE28,Aare,NA,2.44,422,arable,2000,NA,NA,NA
333,BE28,Aare,NA,2.44,422,arable,2001,NA,NA,NA
334,BE28,Aare,NA,2.44,422,arable,2002,NA,NA,NA
335,BE28,Aare,NA,2.44,422,arable,2003,NA,NA,NA
336,BE28,Aare,NA,2.44,422,arable,2004,NA,NA,NA
337,BE28,Aare,NA,2.44,422,arable,2005,5,7,2.868852459
338,BE28,Aare,NA,2.44,422,arable,2006,NA,NA,NA
339,BE28,Aare,NA,2.44,422,arable,2007,NA,NA,NA
340,BE28,Aare,NA,2.44,422,arable,2008,NA,NA,NA
341,BL02,Baselland,Ettingen,6.54,350,arable,1992,NA,NA,NA
342,BL02,Baselland,Ettingen,6.54,350,arable,1993,NA,NA,NA
343,BL02,Baselland,Ettingen,6.54,350,arable,1994,NA,NA,NA
344,BL02,Baselland,Ettingen,6.54,350,arable,1995,NA,NA,NA
345,BL02,Baselland,Ettingen,6.54,350,arable,1996,17,18,2.752293578
346,BL02,Baselland,Ettingen,6.54,350,arable,1997,15,12,2.293577982
347,BL02,Baselland,Ettingen,6.54,350,arable,1998,18,15,2.752293578
348,BL02,Baselland,Ettingen,6.54,350,arable,1999,NA,19,2.905198777
349,BL02,Baselland,Ettingen,6.54,350,arable,2000,31,18,4.740061162
350,BL02,Baselland,Ettingen,6.54,350,arable,2001,37,32,5.657492355
351,BL02,Baselland,Ettingen,6.54,350,arable,2002,28,17,4.281345566
352,BL02,Baselland,Ettingen,6.54,350,arable,2003,24,14,3.669724771
353,BL02,Baselland,Ettingen,6.54,350,arable,2004,15,17,2.599388379
354,BL02,Baselland,Ettingen,6.54,350,arable,2005,19,17,2.905198777
355,BL02,Baselland,Ettingen,6.54,350,arable,2006,10,10,1.529051988
356,BL02,Baselland,Ettingen,6.54,350,arable,2007,18,12,2.752293578
357,BL02,Baselland,Ettingen,6.54,350,arable,2008,13,11,1.987767584
358,BL04,Baselland,Wenslingen,6.98,600,grass,1992,NA,NA,NA
359,BL04,Baselland,Wenslingen,6.98,600,grass,1993,NA,NA,NA
360,BL04,Baselland,Wenslingen,6.98,600,grass,1994,NA,NA,NA
361,BL04,Baselland,Wenslingen,6.98,600,grass,1995,NA,NA,NA
362,BL04,Baselland,Wenslingen,6.98,600,grass,1996,NA,33,4.727793696
363,BL04,Baselland,Wenslingen,6.98,600,grass,1997,30,33,4.727793696
364,BL04,Baselland,Wenslingen,6.98,600,grass,1998,21,29,4.154727794
365,BL04,Baselland,Wenslingen,6.98,600,grass,1999,23,33,4.727793696
366,BL04,Baselland,Wenslingen,6.98,600,grass,2000,34,26,4.871060172
367,BL04,Baselland,Wenslingen,6.98,600,grass,2001,29,25,4.154727794
368,BL04,Baselland,Wenslingen,6.98,600,grass,2002,28,21,4.011461318
369,BL04,Baselland,Wenslingen,6.98,600,grass,2003,43,42,6.160458453
370,BL04,Baselland,Wenslingen,6.98,600,grass,2004,37,41,5.873925501
371,BL04,Baselland,Wenslingen,6.98,600,grass,2005,31,24,4.441260745
372,BL04,Baselland,Wenslingen,6.98,600,grass,2006,43,38,6.160458453
373,BL04,Baselland,Wenslingen,6.98,600,grass,2007,39,35,5.58739255
374,BL04,Baselland,Wenslingen,6.98,600,grass,2008,43,43,6.160458453
375,BL05,Baselland,Laufen,10.11,400,grass,1992,NA,NA,NA
376,BL05,Baselland,Laufen,10.11,400,grass,1993,NA,NA,NA
377,BL05,Baselland,Laufen,10.11,400,grass,1994,NA,NA,NA
378,BL05,Baselland,Laufen,10.11,400,grass,1995,NA,NA,NA
379,BL05,Baselland,Laufen,10.11,400,grass,1996,NA,8,0.791295747
380,BL05,Baselland,Laufen,10.11,400,grass,1997,NA,5,0.494559842
381,BL05,Baselland,Laufen,10.11,400,grass,1998,3,3,0.296735905
382,BL05,Baselland,Laufen,10.11,400,grass,1999,5,5,0.494559842
383,BL05,Baselland,Laufen,10.11,400,grass,2000,5,7,0.692383778
384,BL05,Baselland,Laufen,10.11,400,grass,2001,6,6,0.59347181
385,BL05,Baselland,Laufen,10.11,400,grass,2002,6,2,0.59347181
386,BL05,Baselland,Laufen,10.11,400,grass,2003,6,3,0.59347181
387,BL05,Baselland,Laufen,10.11,400,grass,2004,9,4,0.890207715
388,BL05,Baselland,Laufen,10.11,400,grass,2005,5,7,0.692383778
389,BL05,Baselland,Laufen,10.11,400,grass,2006,6,4,0.59347181
390,BL05,Baselland,Laufen,10.11,400,grass,2007,10,6,0.989119683
391,BL05,Baselland,Laufen,10.11,400,grass,2008,4,10,0.989119683
392,BR02,CH.W,Broye,8.85,443,arable,1992,NA,NA,NA
393,BR02,CH.W,Broye,8.85,443,arable,1993,8,NA,0.903954802
394,BR02,CH.W,Broye,8.85,443,arable,1994,NA,NA,NA
395,BR02,CH.W,Broye,8.85,443,arable,1995,NA,NA,NA
396,BR02,CH.W,Broye,8.85,443,arable,1996,7,NA,0.790960452
397,BR02,CH.W,Broye,8.85,443,arable,1997,NA,NA,NA
398,BR02,CH.W,Broye,8.85,443,arable,1998,16,NA,1.807909605
399,BR02,CH.W,Broye,8.85,443,arable,1999,17,NA,1.920903955
400,BR02,CH.W,Broye,8.85,443,arable,2000,21,NA,2.372881356
401,BR02,CH.W,Broye,8.85,443,arable,2001,12,NA,1.355932203
402,BR02,CH.W,Broye,8.85,443,arable,2002,22,NA,2.485875706
403,BR02,CH.W,Broye,8.85,443,arable,2003,19,NA,2.146892655
404,BR02,CH.W,Broye,8.85,443,arable,2004,18,NA,2.033898305
405,BR02,CH.W,Broye,8.85,443,arable,2005,18,NA,2.033898305
406,BR02,CH.W,Broye,8.85,443,arable,2006,NA,NA,NA
407,BR02,CH.W,Broye,8.85,443,arable,2007,NA,NA,NA
408,BR02,CH.W,Broye,8.85,443,arable,2008,NA,NA,NA
409,BR03,CH.W,Broye,9.76,441,arable,1992,NA,NA,NA
410,BR03,CH.W,Broye,9.76,441,arable,1993,NA,NA,NA
411,BR03,CH.W,Broye,9.76,441,arable,1994,NA,NA,NA
412,BR03,CH.W,Broye,9.76,441,arable,1995,NA,NA,NA
413,BR03,CH.W,Broye,9.76,441,arable,1996,NA,NA,NA
414,BR03,CH.W,Broye,9.76,441,arable,1997,NA,NA,NA
415,BR03,CH.W,Broye,9.76,441,arable,1998,NA,NA,NA
416,BR03,CH.W,Broye,9.76,441,arable,1999,NA,NA,NA
417,BR03,CH.W,Broye,9.76,441,arable,2000,NA,NA,NA
418,BR03,CH.W,Broye,9.76,441,arable,2001,2,NA,0.204918033
419,BR03,CH.W,Broye,9.76,441,arable,2002,9,NA,0.922131148
420,BR03,CH.W,Broye,9.76,441,arable,2003,8,NA,0.819672131
421,BR03,CH.W,Broye,9.76,441,arable,2004,8,NA,0.819672131
422,BR03,CH.W,Broye,9.76,441,arable,2005,5,NA,0.512295082
423,BR03,CH.W,Broye,9.76,441,arable,2006,NA,NA,NA
424,BR03,CH.W,Broye,9.76,441,arable,2007,NA,NA,NA
425,BR03,CH.W,Broye,9.76,441,arable,2008,NA,NA,NA
426,BR04,CH.W,Broye,8.45,438,arable,1992,NA,NA,NA
427,BR04,CH.W,Broye,8.45,438,arable,1993,5,NA,0.591715976
428,BR04,CH.W,Broye,8.45,438,arable,1994,NA,NA,NA
429,BR04,CH.W,Broye,8.45,438,arable,1995,NA,NA,NA
430,BR04,CH.W,Broye,8.45,438,arable,1996,3,NA,0.355029586
431,BR04,CH.W,Broye,8.45,438,arable,1997,NA,NA,NA
432,BR04,CH.W,Broye,8.45,438,arable,1998,13,NA,1.538461538
433,BR04,CH.W,Broye,8.45,438,arable,1999,14,NA,1.656804734
434,BR04,CH.W,Broye,8.45,438,arable,2000,25,NA,2.958579882
435,BR04,CH.W,Broye,8.45,438,arable,2001,21,NA,2.485207101
436,BR04,CH.W,Broye,8.45,438,arable,2002,33,NA,3.905325444
437,BR04,CH.W,Broye,8.45,438,arable,2003,30,NA,3.550295858
438,BR04,CH.W,Broye,8.45,438,arable,2004,26,NA,3.076923077
439,BR04,CH.W,Broye,8.45,438,arable,2005,24,NA,2.840236686
440,BR04,CH.W,Broye,8.45,438,arable,2006,NA,NA,NA
441,BR04,CH.W,Broye,8.45,438,arable,2007,NA,NA,NA
442,BR04,CH.W,Broye,8.45,438,arable,2008,NA,NA,NA
443,GE01,CH.SW,Laconnex,5.85,430,arable,1992,43,NA,7.35042735
444,GE01,CH.SW,Laconnex,5.85,430,arable,1993,45,NA,7.692307692
445,GE01,CH.SW,Laconnex,5.85,430,arable,1994,51,NA,8.717948718
446,GE01,CH.SW,Laconnex,5.85,430,arable,1995,50,NA,8.547008547
447,GE01,CH.SW,Laconnex,5.85,430,arable,1996,27,NA,4.615384615
448,GE01,CH.SW,Laconnex,5.85,430,arable,1997,39,NA,6.666666667
449,GE01,CH.SW,Laconnex,5.85,430,arable,1998,49,NA,8.376068376
450,GE01,CH.SW,Laconnex,5.85,430,arable,1999,71,NA,12.13675214
451,GE01,CH.SW,Laconnex,5.85,430,arable,2000,97,NA,16.58119658
452,GE01,CH.SW,Laconnex,5.85,430,arable,2001,104,NA,17.77777778
453,GE01,CH.SW,Laconnex,5.85,430,arable,2002,87,NA,14.87179487
454,GE01,CH.SW,Laconnex,5.85,430,arable,2003,70,NA,11.96581197
455,GE01,CH.SW,Laconnex,5.85,430,arable,2004,90,NA,15.38461538
456,GE01,CH.SW,Laconnex,5.85,430,arable,2005,114,NA,19.48717949
457,GE01,CH.SW,Laconnex,5.85,430,arable,2006,113,NA,19.31623932
458,GE01,CH.SW,Laconnex,5.85,430,arable,2007,85,NA,14.52991453
459,GE01,CH.SW,Laconnex,5.85,430,arable,2008,77,NA,13.16239316
460,GE02,CH.SW,Presinge,5.1,473,arable,1992,44,NA,8.62745098
461,GE02,CH.SW,Presinge,5.1,473,arable,1993,58,NA,11.37254902
462,GE02,CH.SW,Presinge,5.1,473,arable,1994,48,NA,9.411764706
463,GE02,CH.SW,Presinge,5.1,473,arable,1995,55,NA,10.78431373
464,GE02,CH.SW,Presinge,5.1,473,arable,1996,37,NA,7.254901961
465,GE02,CH.SW,Presinge,5.1,473,arable,1997,38,NA,7.450980392
466,GE02,CH.SW,Presinge,5.1,473,arable,1998,36,NA,7.058823529
467,GE02,CH.SW,Presinge,5.1,473,arable,1999,44,NA,8.62745098
468,GE02,CH.SW,Presinge,5.1,473,arable,2000,40,NA,7.843137255
469,GE02,CH.SW,Presinge,5.1,473,arable,2001,30,NA,5.882352941
470,GE02,CH.SW,Presinge,5.1,473,arable,2002,22,NA,4.31372549
471,GE02,CH.SW,Presinge,5.1,473,arable,2003,42,NA,8.235294118
472,GE02,CH.SW,Presinge,5.1,473,arable,2004,51,NA,10
473,GE02,CH.SW,Presinge,5.1,473,arable,2005,60,NA,11.76470588
474,GE02,CH.SW,Presinge,5.1,473,arable,2006,71,NA,13.92156863
475,GE02,CH.SW,Presinge,5.1,473,arable,2007,65,NA,12.74509804
476,GE02,CH.SW,Presinge,5.1,473,arable,2008,74,NA,14.50980392
477,GE03,CH.SW,Laconnex,4.23,447,arable,1992,NA,NA,NA
478,GE03,CH.SW,Laconnex,4.23,447,arable,1993,41,NA,9.692671395
479,GE03,CH.SW,Laconnex,4.23,447,arable,1994,47,NA,11.11111111
480,GE03,CH.SW,Laconnex,4.23,447,arable,1995,49,NA,11.58392435
481,GE03,CH.SW,Laconnex,4.23,447,arable,1996,35,NA,8.274231678
482,GE03,CH.SW,Laconnex,4.23,447,arable,1997,30,NA,7.092198582
483,GE03,CH.SW,Laconnex,4.23,447,arable,1998,48,NA,11.34751773
484,GE03,CH.SW,Laconnex,4.23,447,arable,1999,53,NA,12.52955083
485,GE03,CH.SW,Laconnex,4.23,447,arable,2000,42,NA,9.929078014
486,GE03,CH.SW,Laconnex,4.23,447,arable,2001,50,NA,11.82033097
487,GE03,CH.SW,Laconnex,4.23,447,arable,2002,58,NA,13.71158392
488,GE03,CH.SW,Laconnex,4.23,447,arable,2003,57,NA,13.4751773
489,GE03,CH.SW,Laconnex,4.23,447,arable,2004,67,NA,15.8392435
490,GE03,CH.SW,Laconnex,4.23,447,arable,2005,57,NA,13.4751773
491,GE03,CH.SW,Laconnex,4.23,447,arable,2006,69,NA,16.31205674
492,GE03,CH.SW,Laconnex,4.23,447,arable,2007,70,NA,16.54846336
493,GE03,CH.SW,Laconnex,4.23,447,arable,2008,52,NA,12.29314421
494,LI04,CH.E,Linthebene,5.04,409,grass,1992,NA,NA,NA
495,LI04,CH.E,Linthebene,5.04,409,grass,1993,3,6,1.19047619
496,LI04,CH.E,Linthebene,5.04,409,grass,1994,3,7,1.388888889
497,LI04,CH.E,Linthebene,5.04,409,grass,1995,13,9,2.579365079
498,LI04,CH.E,Linthebene,5.04,409,grass,1996,14,6,2.777777778
499,LI04,CH.E,Linthebene,5.04,409,grass,1997,NA,NA,NA
500,LI04,CH.E,Linthebene,5.04,409,grass,1998,NA,NA,NA
501,LI04,CH.E,Linthebene,5.04,409,grass,1999,5,4,0.992063492
502,LI04,CH.E,Linthebene,5.04,409,grass,2000,3,4,0.793650794
503,LI04,CH.E,Linthebene,5.04,409,grass,2001,6,7,1.388888889
504,LI04,CH.E,Linthebene,5.04,409,grass,2002,5,4,0.992063492
505,LI04,CH.E,Linthebene,5.04,409,grass,2003,7,4,1.388888889
506,LI04,CH.E,Linthebene,5.04,409,grass,2004,5,5,0.992063492
507,LI04,CH.E,Linthebene,5.04,409,grass,2005,11,7,2.182539683
508,LI04,CH.E,Linthebene,5.04,409,grass,2006,5,5,0.992063492
509,LI04,CH.E,Linthebene,5.04,409,grass,2007,7,6,1.388888889
510,LI04,CH.E,Linthebene,5.04,409,grass,2008,8,8,1.587301587
511,LI05,CH.E,Linthebene,3.53,408,grass,1992,NA,NA,NA
512,LI05,CH.E,Linthebene,3.53,408,grass,1993,7,6,1.983002833
513,LI05,CH.E,Linthebene,3.53,408,grass,1994,4,4,1.133144476
514,LI05,CH.E,Linthebene,3.53,408,grass,1995,13,11,3.682719547
515,LI05,CH.E,Linthebene,3.53,408,grass,1996,9,7,2.549575071
516,LI05,CH.E,Linthebene,3.53,408,grass,1997,11,9,3.116147309
517,LI05,CH.E,Linthebene,3.53,408,grass,1998,2,1,0.566572238
518,LI05,CH.E,Linthebene,3.53,408,grass,1999,4,2,1.133144476
519,LI05,CH.E,Linthebene,3.53,408,grass,2000,1,4,1.133144476
520,LI05,CH.E,Linthebene,3.53,408,grass,2001,1,2,0.566572238
521,LI05,CH.E,Linthebene,3.53,408,grass,2002,1,NA,0.283286119
522,LI05,CH.E,Linthebene,3.53,408,grass,2003,1,NA,0.283286119
523,LI05,CH.E,Linthebene,3.53,408,grass,2004,NA,3,0.849858357
524,LI05,CH.E,Linthebene,3.53,408,grass,2005,4,1,1.133144476
525,LI05,CH.E,Linthebene,3.53,408,grass,2006,2,NA,0.566572238
526,LI05,CH.E,Linthebene,3.53,408,grass,2007,2,0,0.566572238
527,LI05,CH.E,Linthebene,3.53,408,grass,2008,1,0,0.283286119
528,LI15,CH.E,Linthebene,5.51,408,grass,1992,NA,NA,NA
529,LI15,CH.E,Linthebene,5.51,408,grass,1993,34,NA,6.170598911
530,LI15,CH.E,Linthebene,5.51,408,grass,1994,27,20,4.900181488
531,LI15,CH.E,Linthebene,5.51,408,grass,1995,12,13,2.359346642
532,LI15,CH.E,Linthebene,5.51,408,grass,1996,7,7,1.270417423
533,LI15,CH.E,Linthebene,5.51,408,grass,1997,10,14,2.540834846
534,LI15,CH.E,Linthebene,5.51,408,grass,1998,9,8,1.633393829
535,LI15,CH.E,Linthebene,5.51,408,grass,1999,15,14,2.722323049
536,LI15,CH.E,Linthebene,5.51,408,grass,2000,9,8,1.633393829
537,LI15,CH.E,Linthebene,5.51,408,grass,2001,14,18,3.266787659
538,LI15,CH.E,Linthebene,5.51,408,grass,2002,9,6,1.633393829
539,LI15,CH.E,Linthebene,5.51,408,grass,2003,9,10,1.814882033
540,LI15,CH.E,Linthebene,5.51,408,grass,2004,14,10,2.540834846
541,LI15,CH.E,Linthebene,5.51,408,grass,2005,3,3,0.54446461
542,LI15,CH.E,Linthebene,5.51,408,grass,2006,6,NA,1.08892922
543,LI15,CH.E,Linthebene,5.51,408,grass,2007,3,2,0.54446461
544,LI15,CH.E,Linthebene,5.51,408,grass,2008,7,9,1.633393829
545,LU01,CH.Central,Wauwilermoos,16.5,506,grass,1992,NA,78,4.727272727
546,LU01,CH.Central,Wauwilermoos,16.5,506,grass,1993,74,88,5.333333333
547,LU01,CH.Central,Wauwilermoos,16.5,506,grass,1994,83,70,5.03030303
548,LU01,CH.Central,Wauwilermoos,16.5,506,grass,1995,51,46,3.090909091
549,LU01,CH.Central,Wauwilermoos,16.5,506,grass,1996,45,34,2.727272727
550,LU01,CH.Central,Wauwilermoos,16.5,506,grass,1997,26,28,1.696969697
551,LU01,CH.Central,Wauwilermoos,16.5,506,grass,1998,27,41,2.484848485
552,LU01,CH.Central,Wauwilermoos,16.5,506,grass,1999,40,36,2.424242424
553,LU01,CH.Central,Wauwilermoos,16.5,506,grass,2000,43,33,2.606060606
554,LU01,CH.Central,Wauwilermoos,16.5,506,grass,2001,38,26,2.303030303
555,LU01,CH.Central,Wauwilermoos,16.5,506,grass,2002,37,27,2.242424242
556,LU01,CH.Central,Wauwilermoos,16.5,506,grass,2003,24,34,2.060606061
557,LU01,CH.Central,Wauwilermoos,16.5,506,grass,2004,39,35,2.363636364
558,LU01,CH.Central,Wauwilermoos,16.5,506,grass,2005,43,42,2.606060606
559,LU01,CH.Central,Wauwilermoos,16.5,506,grass,2006,54,52,3.272727273
560,LU01,CH.Central,Wauwilermoos,16.5,506,grass,2007,49,44,2.96969697
561,LU01,CH.Central,Wauwilermoos,16.5,506,grass,2008,49,41,2.96969697
562,LU07A,CH.Central,Inwil,5.85,NA,grass,1992,NA,NA,NA
563,LU07A,CH.Central,Inwil,5.85,NA,grass,1993,NA,NA,NA
564,LU07A,CH.Central,Inwil,5.85,NA,grass,1994,NA,NA,NA
565,LU07A,CH.Central,Inwil,5.85,NA,grass,1995,NA,NA,NA
566,LU07A,CH.Central,Inwil,5.85,NA,grass,1996,NA,NA,NA
567,LU07A,CH.Central,Inwil,5.85,NA,grass,1997,4,2,0.683760684
568,LU07A,CH.Central,Inwil,5.85,NA,grass,1998,11,7,1.88034188
569,LU07A,CH.Central,Inwil,5.85,NA,grass,1999,3,13,2.222222222
570,LU07A,CH.Central,Inwil,5.85,NA,grass,2000,7,8,1.367521368
571,LU07A,CH.Central,Inwil,5.85,NA,grass,2001,6,7,1.196581197
572,LU07A,CH.Central,Inwil,5.85,NA,grass,2002,9,6,1.538461538
573,LU07A,CH.Central,Inwil,5.85,NA,grass,2003,11,10,1.88034188
574,LU07A,CH.Central,Inwil,5.85,NA,grass,2004,12,14,2.393162393
575,LU07A,CH.Central,Inwil,5.85,NA,grass,2005,36,23,6.153846154
576,LU07A,CH.Central,Inwil,5.85,NA,grass,2006,26,29,4.957264957
577,LU07A,CH.Central,Inwil,5.85,NA,grass,2007,19,22,3.760683761
578,LU07A,CH.Central,Inwil,5.85,NA,grass,2008,2,7,1.196581197
579,LU07B,CH.Central,Inwil,5.13,NA,grass,1992,NA,NA,NA
580,LU07B,CH.Central,Inwil,5.13,NA,grass,1993,NA,NA,NA
581,LU07B,CH.Central,Inwil,5.13,NA,grass,1994,NA,NA,NA
582,LU07B,CH.Central,Inwil,5.13,NA,grass,1995,NA,NA,NA
583,LU07B,CH.Central,Inwil,5.13,NA,grass,1996,NA,NA,NA
584,LU07B,CH.Central,Inwil,5.13,NA,grass,1997,18,24,4.678362573
585,LU07B,CH.Central,Inwil,5.13,NA,grass,1998,18,16,3.50877193
586,LU07B,CH.Central,Inwil,5.13,NA,grass,1999,8,9,1.754385965
587,LU07B,CH.Central,Inwil,5.13,NA,grass,2000,8,8,1.559454191
588,LU07B,CH.Central,Inwil,5.13,NA,grass,2001,NA,NA,NA
589,LU07B,CH.Central,Inwil,5.13,NA,grass,2002,8,11,2.144249513
590,LU07B,CH.Central,Inwil,5.13,NA,grass,2003,5,6,1.169590643
591,LU07B,CH.Central,Inwil,5.13,NA,grass,2004,5,7,1.364522417
592,LU07B,CH.Central,Inwil,5.13,NA,grass,2005,9,7,1.754385965
593,LU07B,CH.Central,Inwil,5.13,NA,grass,2006,NA,NA,NA
594,LU07B,CH.Central,Inwil,5.13,NA,grass,2007,8,15,2.923976608
595,LU07B,CH.Central,Inwil,5.13,NA,grass,2008,2,9,1.754385965
596,SG06,CH.E,Rheintal,7.13,411,grass,1992,54,57,7.994389902
597,SG06,CH.E,Rheintal,7.13,411,grass,1993,47,36,6.591865358
598,SG06,CH.E,Rheintal,7.13,411,grass,1994,NA,NA,NA
599,SG06,CH.E,Rheintal,7.13,411,grass,1995,NA,NA,NA
600,SG06,CH.E,Rheintal,7.13,411,grass,1996,31,32,4.488078541
601,SG06,CH.E,Rheintal,7.13,411,grass,1997,NA,NA,NA
602,SG06,CH.E,Rheintal,7.13,411,grass,1998,NA,NA,NA
603,SG06,CH.E,Rheintal,7.13,411,grass,1999,34,40,5.610098177
604,SG06,CH.E,Rheintal,7.13,411,grass,2000,40,39,5.610098177
605,SG06,CH.E,Rheintal,7.13,411,grass,2001,45,40,6.311360449
606,SG06,CH.E,Rheintal,7.13,411,grass,2002,38,35,5.329593268
607,SG06,CH.E,Rheintal,7.13,411,grass,2003,17,23,3.225806452
608,SG06,CH.E,Rheintal,7.13,411,grass,2004,14,21,2.945301543
609,SG06,CH.E,Rheintal,7.13,411,grass,2005,NA,NA,NA
610,SG06,CH.E,Rheintal,7.13,411,grass,2006,NA,NA,NA
611,SG06,CH.E,Rheintal,7.13,411,grass,2007,NA,NA,NA
612,SG06,CH.E,Rheintal,7.13,411,grass,2008,NA,NA,NA
613,SG07,CH.E,Rheintal,9.37,414,grass,1992,106,118,12.59338314
614,SG07,CH.E,Rheintal,9.37,414,grass,1993,75,76,8.110992529
615,SG07,CH.E,Rheintal,9.37,414,grass,1994,64,69,7.363927428
616,SG07,CH.E,Rheintal,9.37,414,grass,1995,69,76,8.110992529
617,SG07,CH.E,Rheintal,9.37,414,grass,1996,62,51,6.616862327
618,SG07,CH.E,Rheintal,9.37,414,grass,1997,45,47,5.016008538
619,SG07,CH.E,Rheintal,9.37,414,grass,1998,48,57,6.083244397
620,SG07,CH.E,Rheintal,9.37,414,grass,1999,44,51,5.442902882
621,SG07,CH.E,Rheintal,9.37,414,grass,2000,60,58,6.403415155
622,SG07,CH.E,Rheintal,9.37,414,grass,2001,58,63,6.723585912
623,SG07,CH.E,Rheintal,9.37,414,grass,2002,81,63,8.644610459
624,SG07,CH.E,Rheintal,9.37,414,grass,2003,81,83,8.858057631
625,SG07,CH.E,Rheintal,9.37,414,grass,2004,56,74,7.897545358
626,SG07,CH.E,Rheintal,9.37,414,grass,2005,72,91,9.711846318
627,SG07,CH.E,Rheintal,9.37,414,grass,2006,103,88,10.99252935
628,SG07,CH.E,Rheintal,9.37,414,grass,2007,93,108,11.52614728
629,SG07,CH.E,Rheintal,9.37,414,grass,2008,97,103,10.99252935
630,SG08,CH.E,Rheintal,4.23,409,grass,1992,16,13,3.78250591
631,SG08,CH.E,Rheintal,4.23,409,grass,1993,17,20,4.728132388
632,SG08,CH.E,Rheintal,4.23,409,grass,1994,NA,NA,NA
633,SG08,CH.E,Rheintal,4.23,409,grass,1995,NA,NA,NA
634,SG08,CH.E,Rheintal,4.23,409,grass,1996,23,27,6.382978723
635,SG08,CH.E,Rheintal,4.23,409,grass,1997,NA,NA,NA
636,SG08,CH.E,Rheintal,4.23,409,grass,1998,NA,NA,NA
637,SG08,CH.E,Rheintal,4.23,409,grass,1999,14,15,3.546099291
638,SG08,CH.E,Rheintal,4.23,409,grass,2000,17,17,4.01891253
639,SG08,CH.E,Rheintal,4.23,409,grass,2001,13,14,3.309692671
640,SG08,CH.E,Rheintal,4.23,409,grass,2002,5,9,2.127659574
641,SG08,CH.E,Rheintal,4.23,409,grass,2003,6,9,2.127659574
642,SG08,CH.E,Rheintal,4.23,409,grass,2004,2,4,0.945626478
643,SG08,CH.E,Rheintal,4.23,409,grass,2005,NA,NA,NA
644,SG08,CH.E,Rheintal,4.23,409,grass,2006,NA,NA,NA
645,SG08,CH.E,Rheintal,4.23,409,grass,2007,NA,NA,NA
646,SG08,CH.E,Rheintal,4.23,409,grass,2008,NA,NA,NA
647,SG09,CH.E,Rheintal,5.4,412,grass,1992,36,38,7.037037037
648,SG09,CH.E,Rheintal,5.4,412,grass,1993,21,18,3.888888889
649,SG09,CH.E,Rheintal,5.4,412,grass,1994,19,22,4.074074074
650,SG09,CH.E,Rheintal,5.4,412,grass,1995,35,21,6.481481481
651,SG09,CH.E,Rheintal,5.4,412,grass,1996,38,42,7.777777778
652,SG09,CH.E,Rheintal,5.4,412,grass,1997,37,31,6.851851852
653,SG09,CH.E,Rheintal,5.4,412,grass,1998,30,34,6.296296296
654,SG09,CH.E,Rheintal,5.4,412,grass,1999,21,24,4.444444444
655,SG09,CH.E,Rheintal,5.4,412,grass,2000,33,29,6.111111111
656,SG09,CH.E,Rheintal,5.4,412,grass,2001,12,18,3.333333333
657,SG09,CH.E,Rheintal,5.4,412,grass,2002,11,23,4.259259259
658,SG09,CH.E,Rheintal,5.4,412,grass,2003,9,13,2.407407407
659,SG09,CH.E,Rheintal,5.4,412,grass,2004,7,15,2.777777778
660,SG09,CH.E,Rheintal,5.4,412,grass,2005,7,8,1.481481481
661,SG09,CH.E,Rheintal,5.4,412,grass,2006,21,23,4.259259259
662,SG09,CH.E,Rheintal,5.4,412,grass,2007,11,17,3.148148148
663,SG09,CH.E,Rheintal,5.4,412,grass,2008,13,15,2.777777778
664,SH03,CH.N,Klettgau,12.33,428,arable,1992,NA,NA,NA
665,SH03,CH.N,Klettgau,12.33,428,arable,1993,63,NA,5.109489051
666,SH03,CH.N,Klettgau,12.33,428,arable,1994,57,NA,4.622871046
667,SH03,CH.N,Klettgau,12.33,428,arable,1995,42,48,3.892944039
668,SH03,CH.N,Klettgau,12.33,428,arable,1996,37,42,3.406326034
669,SH03,CH.N,Klettgau,12.33,428,arable,1997,45,37,3.649635036
670,SH03,CH.N,Klettgau,12.33,428,arable,1998,33,29,2.676399027
671,SH03,CH.N,Klettgau,12.33,428,arable,1999,49,38,3.97404704
672,SH03,CH.N,Klettgau,12.33,428,arable,2000,41,60,4.866180049
673,SH03,CH.N,Klettgau,12.33,428,arable,2001,48,64,5.190592052
674,SH03,CH.N,Klettgau,12.33,428,arable,2002,61,55,4.947283049
675,SH03,CH.N,Klettgau,12.33,428,arable,2003,64,59,5.190592052
676,SH03,CH.N,Klettgau,12.33,428,arable,2004,67,73,5.920519059
677,SH03,CH.N,Klettgau,12.33,428,arable,2005,NA,NA,NA
678,SH03,CH.N,Klettgau,12.33,428,arable,2006,NA,NA,NA
679,SH03,CH.N,Klettgau,12.33,428,arable,2007,67,56,5.433901054
680,SH03,CH.N,Klettgau,12.33,428,arable,2008,NA,NA,NA
681,SH04,CH.N,Klettgau,5.04,460,arable,1992,23,NA,4.563492063
682,SH04,CH.N,Klettgau,5.04,460,arable,1993,30,NA,5.952380952
683,SH04,CH.N,Klettgau,5.04,460,arable,1994,37,NA,7.341269841
684,SH04,CH.N,Klettgau,5.04,460,arable,1995,20,25,4.96031746
685,SH04,CH.N,Klettgau,5.04,460,arable,1996,23,25,4.96031746
686,SH04,CH.N,Klettgau,5.04,460,arable,1997,29,20,5.753968254
687,SH04,CH.N,Klettgau,5.04,460,arable,1998,18,20,3.968253968
688,SH04,CH.N,Klettgau,5.04,460,arable,1999,15,13,2.976190476
689,SH04,CH.N,Klettgau,5.04,460,arable,2000,25,22,4.96031746
690,SH04,CH.N,Klettgau,5.04,460,arable,2001,37,32,7.341269841
691,SH04,CH.N,Klettgau,5.04,460,arable,2002,33,41,8.134920635
692,SH04,CH.N,Klettgau,5.04,460,arable,2003,52,49,10.31746032
693,SH04,CH.N,Klettgau,5.04,460,arable,2004,56,61,12.1031746
694,SH04,CH.N,Klettgau,5.04,460,arable,2005,51,56,11.11111111
695,SH04,CH.N,Klettgau,5.04,460,arable,2006,39,46,9.126984127
696,SH04,CH.N,Klettgau,5.04,460,arable,2007,47,56,11.11111111
697,SH04,CH.N,Klettgau,5.04,460,arable,2008,63,60,12.5
698,SH05,CH.N,Klettgau,3.79,460,arable,1992,2,NA,0.527704485
699,SH05,CH.N,Klettgau,3.79,460,arable,1993,7,NA,1.846965699
700,SH05,CH.N,Klettgau,3.79,460,arable,1994,3,NA,0.791556728
701,SH05,CH.N,Klettgau,3.79,460,arable,1995,6,7,1.846965699
702,SH05,CH.N,Klettgau,3.79,460,arable,1996,8,10,2.638522427
703,SH05,CH.N,Klettgau,3.79,460,arable,1997,5,NA,1.319261214
704,SH05,CH.N,Klettgau,3.79,460,arable,1998,5,NA,1.319261214
705,SH05,CH.N,Klettgau,3.79,460,arable,1999,3,4,1.055408971
706,SH05,CH.N,Klettgau,3.79,460,arable,2000,6,15,3.957783641
707,SH05,CH.N,Klettgau,3.79,460,arable,2001,6,7,1.846965699
708,SH05,CH.N,Klettgau,3.79,460,arable,2002,6,10,2.638522427
709,SH05,CH.N,Klettgau,3.79,460,arable,2003,9,6,2.374670185
710,SH05,CH.N,Klettgau,3.79,460,arable,2004,15,9,3.957783641
711,SH05,CH.N,Klettgau,3.79,460,arable,2005,NA,NA,NA
712,SH05,CH.N,Klettgau,3.79,460,arable,2006,NA,NA,NA
713,SH05,CH.N,Klettgau,3.79,460,arable,2007,NA,NA,NA
714,SH05,CH.N,Klettgau,3.79,460,arable,2008,NA,NA,NA
715,SH07,CH.N,Klettgau,6.3,500,arable,1992,NA,NA,NA
716,SH07,CH.N,Klettgau,6.3,500,arable,1993,43,NA,6.825396825
717,SH07,CH.N,Klettgau,6.3,500,arable,1994,NA,NA,NA
718,SH07,CH.N,Klettgau,6.3,500,arable,1995,NA,NA,NA
719,SH07,CH.N,Klettgau,6.3,500,arable,1996,27,NA,4.285714286
720,SH07,CH.N,Klettgau,6.3,500,arable,1997,25,NA,3.968253968
721,SH07,CH.N,Klettgau,6.3,500,arable,1998,33,NA,5.238095238
722,SH07,CH.N,Klettgau,6.3,500,arable,1999,33,NA,5.238095238
723,SH07,CH.N,Klettgau,6.3,500,arable,2000,46,56,8.888888889
724,SH07,CH.N,Klettgau,6.3,500,arable,2001,41,NA,6.507936508
725,SH07,CH.N,Klettgau,6.3,500,arable,2002,52,NA,8.253968254
726,SH07,CH.N,Klettgau,6.3,500,arable,2003,NA,NA,NA
727,SH07,CH.N,Klettgau,6.3,500,arable,2004,55,NA,8.73015873
728,SH07,CH.N,Klettgau,6.3,500,arable,2005,NA,NA,NA
729,SH07,CH.N,Klettgau,6.3,500,arable,2006,NA,NA,NA
730,SH07,CH.N,Klettgau,6.3,500,arable,2007,NA,NA,NA
731,SH07,CH.N,Klettgau,6.3,500,arable,2008,50,54,8.571428571
732,SH1_2,CH.N,Klettgau,5.25,NA,arable,1992,NA,NA,NA
733,SH1_2,CH.N,Klettgau,5.25,NA,arable,1993,21,NA,4
734,SH1_2,CH.N,Klettgau,5.25,NA,arable,1994,22,NA,4.19047619
735,SH1_2,CH.N,Klettgau,5.25,NA,arable,1995,13,14,2.666666667
736,SH1_2,CH.N,Klettgau,5.25,NA,arable,1996,23,26,4.952380952
737,SH1_2,CH.N,Klettgau,5.25,NA,arable,1997,29,24,5.523809524
738,SH1_2,CH.N,Klettgau,5.25,NA,arable,1998,22,20,4.19047619
739,SH1_2,CH.N,Klettgau,5.25,NA,arable,1999,25,19,4.761904762
740,SH1_2,CH.N,Klettgau,5.25,NA,arable,2000,23,26,4.952380952
741,SH1_2,CH.N,Klettgau,5.25,NA,arable,2001,35,26,6.666666667
742,SH1_2,CH.N,Klettgau,5.25,NA,arable,2002,30,23,5.714285714
743,SH1_2,CH.N,Klettgau,5.25,NA,arable,2003,31,26,5.904761905
744,SH1_2,CH.N,Klettgau,5.25,NA,arable,2004,25,36,6.857142857
745,SH1_2,CH.N,Klettgau,5.25,NA,arable,2005,18,20,3.80952381
746,SH1_2,CH.N,Klettgau,5.25,NA,arable,2006,23,21,4.380952381
747,SH1_2,CH.N,Klettgau,5.25,NA,arable,2007,14,11,2.666666667
748,SH1_2,CH.N,Klettgau,5.25,NA,arable,2008,37,33,7.047619048
749,SO01,Aare,Aaretal,3.61,429,arable,1992,36,NA,9.972299169
750,SO01,Aare,Aaretal,3.61,429,arable,1993,31,NA,8.587257618
751,SO01,Aare,Aaretal,3.61,429,arable,1994,NA,NA,NA
752,SO01,Aare,Aaretal,3.61,429,arable,1995,20,NA,5.540166205
753,SO01,Aare,Aaretal,3.61,429,arable,1996,NA,NA,NA
754,SO01,Aare,Aaretal,3.61,429,arable,1997,NA,NA,NA
755,SO01,Aare,Aaretal,3.61,429,arable,1998,NA,NA,NA
756,SO01,Aare,Aaretal,3.61,429,arable,1999,NA,NA,NA
757,SO01,Aare,Aaretal,3.61,429,arable,2000,NA,NA,NA
758,SO01,Aare,Aaretal,3.61,429,arable,2001,41,NA,11.35734072
759,SO01,Aare,Aaretal,3.61,429,arable,2002,19,NA,5.263157895
760,SO01,Aare,Aaretal,3.61,429,arable,2003,27,25,7.479224377
761,SO01,Aare,Aaretal,3.61,429,arable,2004,39,39,10.8033241
762,SO01,Aare,Aaretal,3.61,429,arable,2005,40,42,11.63434903
763,SO01,Aare,Aaretal,3.61,429,arable,2006,33,NA,9.141274238
764,SO01,Aare,Aaretal,3.61,429,arable,2007,26,NA,7.202216066
765,SO01,Aare,Aaretal,3.61,429,arable,2008,NA,NA,NA
766,SO02,Aare,Aaretal,10.47,430,arable,1992,NA,NA,NA
767,SO02,Aare,Aaretal,10.47,430,arable,1993,NA,NA,NA
768,SO02,Aare,Aaretal,10.47,430,arable,1994,NA,NA,NA
769,SO02,Aare,Aaretal,10.47,430,arable,1995,NA,NA,NA
770,SO02,Aare,Aaretal,10.47,430,arable,1996,NA,NA,NA
771,SO02,Aare,Aaretal,10.47,430,arable,1997,103,101,9.837631328
772,SO02,Aare,Aaretal,10.47,430,arable,1998,NA,NA,NA
773,SO02,Aare,Aaretal,10.47,430,arable,1999,91,91,8.691499522
774,SO02,Aare,Aaretal,10.47,430,arable,2000,115,97,10.98376313
775,SO02,Aare,Aaretal,10.47,430,arable,2001,98,128,12.22540592
776,SO02,Aare,Aaretal,10.47,430,arable,2002,115,124,11.84336199
777,SO02,Aare,Aaretal,10.47,430,arable,2003,125,134,12.79847182
778,SO02,Aare,Aaretal,10.47,430,arable,2004,133,106,12.70296084
779,SO02,Aare,Aaretal,10.47,430,arable,2005,109,98,10.41069723
780,SO02,Aare,Aaretal,10.47,430,arable,2006,132,98,12.60744986
781,SO02,Aare,Aaretal,10.47,430,arable,2007,109,94,10.41069723
782,SO02,Aare,Aaretal,10.47,430,arable,2008,88,66,8.404966571
783,SO03,Aare,Kestenholz,8.55,NA,arable,1992,NA,NA,NA
784,SO03,Aare,Kestenholz,8.55,NA,arable,1993,NA,NA,NA
785,SO03,Aare,Kestenholz,8.55,NA,arable,1994,NA,NA,NA
786,SO03,Aare,Kestenholz,8.55,NA,arable,1995,NA,NA,NA
787,SO03,Aare,Kestenholz,8.55,NA,arable,1996,NA,NA,NA
788,SO03,Aare,Kestenholz,8.55,NA,arable,1997,NA,NA,NA
789,SO03,Aare,Kestenholz,8.55,NA,arable,1998,NA,NA,NA
790,SO03,Aare,Kestenholz,8.55,NA,arable,1999,NA,NA,NA
791,SO03,Aare,Kestenholz,8.55,NA,arable,2000,NA,NA,NA
792,SO03,Aare,Kestenholz,8.55,NA,arable,2001,67,62,7.83625731
793,SO03,Aare,Kestenholz,8.55,NA,arable,2002,43,39,5.029239766
794,SO03,Aare,Kestenholz,8.55,NA,arable,2003,50,45,5.847953216
795,SO03,Aare,Kestenholz,8.55,NA,arable,2004,51,43,5.964912281
796,SO03,Aare,Kestenholz,8.55,NA,arable,2005,37,36,4.32748538
797,SO03,Aare,Kestenholz,8.55,NA,arable,2006,52,53,6.198830409
798,SO03,Aare,Kestenholz,8.55,NA,arable,2007,60,53,7.01754386
799,SO03,Aare,Kestenholz,8.55,NA,arable,2008,71,70,8.304093567
800,TG06B,CH.E,Thur,2.66,NA,arable,1992,NA,NA,NA
801,TG06B,CH.E,Thur,2.66,NA,arable,1993,28,NA,10.52631579
802,TG06B,CH.E,Thur,2.66,NA,arable,1994,24,NA,9.022556391
803,TG06B,CH.E,Thur,2.66,NA,arable,1995,16,NA,6.015037594
804,TG06B,CH.E,Thur,2.66,NA,arable,1996,15,14,5.639097744
805,TG06B,CH.E,Thur,2.66,NA,arable,1997,7,13,4.887218045
806,TG06B,CH.E,Thur,2.66,NA,arable,1998,6,4,2.255639098
807,TG06B,CH.E,Thur,2.66,NA,arable,1999,7,7,2.631578947
808,TG06B,CH.E,Thur,2.66,NA,arable,2000,NA,NA,NA
809,TG06B,CH.E,Thur,2.66,NA,arable,2001,5,2,1.879699248
810,TG06B,CH.E,Thur,2.66,NA,arable,2002,9,6,3.383458647
811,TG06B,CH.E,Thur,2.66,NA,arable,2003,3,5,1.879699248
812,TG06B,CH.E,Thur,2.66,NA,arable,2004,3,1,1.127819549
813,TG06B,CH.E,Thur,2.66,NA,arable,2005,2,1,0.751879699
814,TG06B,CH.E,Thur,2.66,NA,arable,2006,7,8,3.007518797
815,TG06B,CH.E,Thur,2.66,NA,arable,2007,10,9,3.759398496
816,TG06B,CH.E,Thur,2.66,NA,arable,2008,15,15,5.639097744
817,TG07,CH.E,Thur,2.7,418,arable,1992,NA,NA,NA
818,TG07,CH.E,Thur,2.7,418,arable,1993,2,NA,0.740740741
819,TG07,CH.E,Thur,2.7,418,arable,1994,2,NA,0.740740741
820,TG07,CH.E,Thur,2.7,418,arable,1995,3,NA,1.111111111
821,TG07,CH.E,Thur,2.7,418,arable,1996,3,3,1.111111111
822,TG07,CH.E,Thur,2.7,418,arable,1997,NA,2,0.740740741
823,TG07,CH.E,Thur,2.7,418,arable,1998,3,2,1.111111111
824,TG07,CH.E,Thur,2.7,418,arable,1999,NA,NA,NA
825,TG07,CH.E,Thur,2.7,418,arable,2000,NA,NA,NA
826,TG07,CH.E,Thur,2.7,418,arable,2001,NA,NA,NA
827,TG07,CH.E,Thur,2.7,418,arable,2002,NA,NA,NA
828,TG07,CH.E,Thur,2.7,418,arable,2003,NA,NA,NA
829,TG07,CH.E,Thur,2.7,418,arable,2004,NA,NA,NA
830,TG07,CH.E,Thur,2.7,418,arable,2005,NA,NA,NA
831,TG07,CH.E,Thur,2.7,418,arable,2006,NA,NA,NA
832,TG07,CH.E,Thur,2.7,418,arable,2007,NA,NA,NA
833,TG07,CH.E,Thur,2.7,418,arable,2008,NA,NA,NA
834,VD01,CH.SW,Commugny,6.25,440,arable,1992,42,NA,6.72
835,VD01,CH.SW,Commugny,6.25,440,arable,1993,38,NA,6.08
836,VD01,CH.SW,Commugny,6.25,440,arable,1994,50,NA,8
837,VD01,CH.SW,Commugny,6.25,440,arable,1995,52,NA,8.32
838,VD01,CH.SW,Commugny,6.25,440,arable,1996,36,NA,5.76
839,VD01,CH.SW,Commugny,6.25,440,arable,1997,30,NA,4.8
840,VD01,CH.SW,Commugny,6.25,440,arable,1998,18,NA,2.88
841,VD01,CH.SW,Commugny,6.25,440,arable,1999,17,NA,2.72
842,VD01,CH.SW,Commugny,6.25,440,arable,2000,17,NA,2.72
843,VD01,CH.SW,Commugny,6.25,440,arable,2001,19,NA,3.04
844,VD01,CH.SW,Commugny,6.25,440,arable,2002,24,NA,3.84
845,VD01,CH.SW,Commugny,6.25,440,arable,2003,24,NA,3.84
846,VD01,CH.SW,Commugny,6.25,440,arable,2004,22,NA,3.52
847,VD01,CH.SW,Commugny,6.25,440,arable,2005,20,NA,3.2
848,VD01,CH.SW,Commugny,6.25,440,arable,2006,24,NA,3.84
849,VD01,CH.SW,Commugny,6.25,440,arable,2007,32,NA,5.12
850,VD01,CH.SW,Commugny,6.25,440,arable,2008,51,NA,8.16
851,VD02,CH.W,Orbe,12.52,435,arable,1992,37,NA,2.955271565
852,VD02,CH.W,Orbe,12.52,435,arable,1993,22,NA,1.757188498
853,VD02,CH.W,Orbe,12.52,435,arable,1994,23,NA,1.837060703
854,VD02,CH.W,Orbe,12.52,435,arable,1995,20,NA,1.597444089
855,VD02,CH.W,Orbe,12.52,435,arable,1996,14,NA,1.118210863
856,VD02,CH.W,Orbe,12.52,435,arable,1997,23,NA,1.837060703
857,VD02,CH.W,Orbe,12.52,435,arable,1998,9,NA,0.71884984
858,VD02,CH.W,Orbe,12.52,435,arable,1999,10,NA,0.798722045
859,VD02,CH.W,Orbe,12.52,435,arable,2000,17,NA,1.357827476
860,VD02,CH.W,Orbe,12.52,435,arable,2001,18,NA,1.437699681
861,VD02,CH.W,Orbe,12.52,435,arable,2002,16,NA,1.277955272
862,VD02,CH.W,Orbe,12.52,435,arable,2003,16,NA,1.277955272
863,VD02,CH.W,Orbe,12.52,435,arable,2004,31,NA,2.476038339
864,VD02,CH.W,Orbe,12.52,435,arable,2005,41,NA,3.274760383
865,VD02,CH.W,Orbe,12.52,435,arable,2006,37,NA,2.955271565
866,VD02,CH.W,Orbe,12.52,435,arable,2007,26,NA,2.076677316
867,VD02,CH.W,Orbe,12.52,435,arable,2008,53,NA,4.233226837
868,VD04,CH.W,Bioley.Orjulaz,9.31,600,arable,1992,NA,NA,NA
869,VD04,CH.W,Bioley.Orjulaz,9.31,600,arable,1993,NA,NA,NA
870,VD04,CH.W,Bioley.Orjulaz,9.31,600,arable,1994,24,NA,2.577873255
871,VD04,CH.W,Bioley.Orjulaz,9.31,600,arable,1995,23,NA,2.470461869
872,VD04,CH.W,Bioley.Orjulaz,9.31,600,arable,1996,26,NA,2.792696026
873,VD04,CH.W,Bioley.Orjulaz,9.31,600,arable,1997,26,NA,2.792696026
874,VD04,CH.W,Bioley.Orjulaz,9.31,600,arable,1998,NA,NA,NA
875,VD04,CH.W,Bioley.Orjulaz,9.31,600,arable,1999,60,NA,6.444683136
876,VD04,CH.W,Bioley.Orjulaz,9.31,600,arable,2000,52,NA,5.585392052
877,VD04,CH.W,Bioley.Orjulaz,9.31,600,arable,2001,58,NA,6.229860365
878,VD04,CH.W,Bioley.Orjulaz,9.31,600,arable,2002,37,NA,3.974221267
879,VD04,CH.W,Bioley.Orjulaz,9.31,600,arable,2003,30,NA,3.222341568
880,VD04,CH.W,Bioley.Orjulaz,9.31,600,arable,2004,21,NA,2.255639098
881,VD04,CH.W,Bioley.Orjulaz,9.31,600,arable,2005,25,NA,2.68528464
882,VD04,CH.W,Bioley.Orjulaz,9.31,600,arable,2006,55,NA,5.907626208
883,VD04,CH.W,Bioley.Orjulaz,9.31,600,arable,2007,45,NA,4.833512352
884,VD04,CH.W,Bioley.Orjulaz,9.31,600,arable,2008,59,NA,6.337271751
885,VD05,Rhone,Plaine.du.Rhone,7.08,377,arable,1992,NA,NA,NA
886,VD05,Rhone,Plaine.du.Rhone,7.08,377,arable,1993,NA,NA,NA
887,VD05,Rhone,Plaine.du.Rhone,7.08,377,arable,1994,31,NA,4.378531073
888,VD05,Rhone,Plaine.du.Rhone,7.08,377,arable,1995,31,NA,4.378531073
889,VD05,Rhone,Plaine.du.Rhone,7.08,377,arable,1996,26,NA,3.672316384
890,VD05,Rhone,Plaine.du.Rhone,7.08,377,arable,1997,15,NA,2.118644068
891,VD05,Rhone,Plaine.du.Rhone,7.08,377,arable,1998,21,NA,2.966101695
892,VD05,Rhone,Plaine.du.Rhone,7.08,377,arable,1999,11,NA,1.553672316
893,VD05,Rhone,Plaine.du.Rhone,7.08,377,arable,2000,28,NA,3.95480226
894,VD05,Rhone,Plaine.du.Rhone,7.08,377,arable,2001,26,NA,3.672316384
895,VD05,Rhone,Plaine.du.Rhone,7.08,377,arable,2002,18,NA,2.542372881
896,VD05,Rhone,Plaine.du.Rhone,7.08,377,arable,2003,29,NA,4.096045198
897,VD05,Rhone,Plaine.du.Rhone,7.08,377,arable,2004,26,NA,3.672316384
898,VD05,Rhone,Plaine.du.Rhone,7.08,377,arable,2005,27,NA,3.813559322
899,VD05,Rhone,Plaine.du.Rhone,7.08,377,arable,2006,34,NA,4.802259887
900,VD05,Rhone,Plaine.du.Rhone,7.08,377,arable,2007,30,NA,4.237288136
901,VD05,Rhone,Plaine.du.Rhone,7.08,377,arable,2008,18,NA,2.542372881
902,VS02,Rhone,Riddes,3.92,467,arable,1992,NA,NA,NA
903,VS02,Rhone,Riddes,3.92,467,arable,1993,32,NA,8.163265306
904,VS02,Rhone,Riddes,3.92,467,arable,1994,35,NA,8.928571429
905,VS02,Rhone,Riddes,3.92,467,arable,1995,NA,NA,NA
906,VS02,Rhone,Riddes,3.92,467,arable,1996,11,NA,2.806122449
907,VS02,Rhone,Riddes,3.92,467,arable,1997,NA,NA,NA
908,VS02,Rhone,Riddes,3.92,467,arable,1998,17,NA,4.336734694
909,VS02,Rhone,Riddes,3.92,467,arable,1999,29,NA,7.397959184
910,VS02,Rhone,Riddes,3.92,467,arable,2000,24,NA,6.12244898
911,VS02,Rhone,Riddes,3.92,467,arable,2001,19,NA,4.846938776
912,VS02,Rhone,Riddes,3.92,467,arable,2002,29,NA,7.397959184
913,VS02,Rhone,Riddes,3.92,467,arable,2003,21,NA,5.357142857
914,VS02,Rhone,Riddes,3.92,467,arable,2004,15,NA,3.826530612
915,VS02,Rhone,Riddes,3.92,467,arable,2005,NA,NA,NA
916,VS02,Rhone,Riddes,3.92,467,arable,2006,NA,NA,NA
917,VS02,Rhone,Riddes,3.92,467,arable,2007,NA,NA,NA
918,VS02,Rhone,Riddes,3.92,467,arable,2008,NA,NA,NA
919,VS04,Rhone,Turtmann,8.14,622,grass,1992,NA,NA,NA
920,VS04,Rhone,Turtmann,8.14,622,grass,1993,17,NA,2.088452088
921,VS04,Rhone,Turtmann,8.14,622,grass,1994,NA,NA,NA
922,VS04,Rhone,Turtmann,8.14,622,grass,1995,NA,NA,NA
923,VS04,Rhone,Turtmann,8.14,622,grass,1996,4,NA,0.491400491
924,VS04,Rhone,Turtmann,8.14,622,grass,1997,NA,NA,NA
925,VS04,Rhone,Turtmann,8.14,622,grass,1998,2,NA,0.245700246
926,VS04,Rhone,Turtmann,8.14,622,grass,1999,1,NA,0.122850123
927,VS04,Rhone,Turtmann,8.14,622,grass,2000,4,NA,0.491400491
928,VS04,Rhone,Turtmann,8.14,622,grass,2001,2,NA,0.245700246
929,VS04,Rhone,Turtmann,8.14,622,grass,2002,NA,NA,NA
930,VS04,Rhone,Turtmann,8.14,622,grass,2003,NA,NA,NA
931,VS04,Rhone,Turtmann,8.14,622,grass,2004,NA,1,0.122850123
932,VS04,Rhone,Turtmann,8.14,622,grass,2005,NA,NA,NA
933,VS04,Rhone,Turtmann,8.14,622,grass,2006,NA,NA,NA
934,VS04,Rhone,Turtmann,8.14,622,grass,2007,NA,NA,NA
935,VS04,Rhone,Turtmann,8.14,622,grass,2008,NA,NA,NA
936,ZH06,CH.N,Rafz,8.86,NA,arable,1992,NA,NA,NA
937,ZH06,CH.N,Rafz,8.86,NA,arable,1993,NA,NA,NA
938,ZH06,CH.N,Rafz,8.86,NA,arable,1994,NA,NA,NA
939,ZH06,CH.N,Rafz,8.86,NA,arable,1995,NA,NA,NA
940,ZH06,CH.N,Rafz,8.86,NA,arable,1996,NA,NA,NA
941,ZH06,CH.N,Rafz,8.86,NA,arable,1997,NA,NA,NA
942,ZH06,CH.N,Rafz,8.86,NA,arable,1998,NA,NA,NA
943,ZH06,CH.N,Rafz,8.86,NA,arable,1999,NA,NA,NA
944,ZH06,CH.N,Rafz,8.86,NA,arable,2000,NA,NA,NA
945,ZH06,CH.N,Rafz,8.86,NA,arable,2001,35,39,4.401805869
946,ZH06,CH.N,Rafz,8.86,NA,arable,2002,30,28,3.386004515
947,ZH06,CH.N,Rafz,8.86,NA,arable,2003,44,23,4.966139955
948,ZH06,CH.N,Rafz,8.86,NA,arable,2004,32,36,4.063205418
949,ZH06,CH.N,Rafz,8.86,NA,arable,2005,70,59,7.900677201
950,ZH06,CH.N,Rafz,8.86,NA,arable,2006,46,61,6.884875847
951,ZH06,CH.N,Rafz,8.86,NA,arable,2007,45,57,6.433408578
952,ZH06,CH.N,Rafz,8.86,NA,arable,2008,50,86,9.706546275
