site.num,Aster,Polygonum,Hydrangea,Arabidopsis,Achillea,Asclepias,Campanula,Echinacea,Helianthus,Rudbeckia,Salvia,Rose,Dandelion,Violet_pansy,Tulip,Petunia,NEIGHBORHOOD,YardType,lat,long,UTM_lon,UTM_lat,Zone_EW
1,0,1,1,0,0,0,0,0,0,0,1,1,0,1,0,0,POWDER HOUSE SQUARE,Pollinator,42.39159,-71.10813,326480.5655,4695408.19,4
2,0,0,1,0,0,0,0,0,0,0,0,1,0,0,0,0,ALBION,Conventional,42.39033,-71.10296,326902.6603,4695257.727,7
3,0,0,0,0,0,1,0,0,0,0,1,1,0,0,1,0,ALBION,Conventional,42.39035,-71.10381,326832.7478,4695261.68,6
4,0,0,1,0,0,0,0,0,0,0,0,1,0,1,1,0,ALBION,Pollinator,42.39048,-71.10414,326805.9415,4695276.789,5
5,0,0,1,0,0,0,0,0,0,1,0,1,0,0,0,0,ALBION,Conventional,42.39033,-71.10484,326747.9087,4695261.56,6
6,0,0,0,1,0,0,0,0,0,0,0,0,0,0,0,1,TEN HILLS,Conventional,42.39789,-71.09636,327466.6558,4696083.787,8
9,0,0,0,0,0,0,0,0,0,0,0,0,0,0,0,0,MAGOUN SQUARE,Conventional,42.39426,-71.10152,327031.99,4695691.194,7
10,0,0,0,0,0,0,0,0,0,1,1,1,0,1,0,0,MAGOUN SQUARE,Pollinator,42.395,-71.10149,327036.4923,4695773.305,7
11,1,0,0,0,0,0,1,1,1,1,1,1,0,0,1,0,POWDER HOUSE SQUARE,Pollinator,42.40019,-71.11491,325946.2609,4696377.037,3
12,0,1,0,0,0,0,0,0,0,0,0,1,0,1,0,0,POWDER HOUSE SQUARE,Pollinator,42.39847,-71.11607,325846.0322,4696188.42,2
13,1,0,1,0,0,0,1,0,0,1,0,1,1,0,0,0,WARD HILL,Pollinator,42.37526,-71.10319,326842.3023,4693584.774,6
14,0,0,0,0,0,0,0,0,0,0,0,0,0,0,0,1,SPRING HILL,Conventional,42.38397,-71.10797,326472.7394,4694561.713,5
15,1,0,0,0,0,0,0,0,0,0,1,1,0,1,0,0,POWDER HOUSE SQUARE,Pollinator,42.38937,-71.10791,326492.5572,4695161.224,4
16,0,0,1,0,0,0,0,0,0,0,0,1,0,1,0,0,POWDER HOUSE SQUARE,Pollinator,42.38898,-71.11063,326267.5817,4695123.477,4
17,0,0,0,0,0,0,0,0,0,0,0,1,0,0,0,0,WINTER HILL,Conventional,NA,-71.09845,NA,NA,7
18,0,0,0,1,0,0,1,0,0,0,0,0,1,0,0,0,MAGOUN SQUARE,Conventional,NA,-71.09821,NA,NA,8
19,0,1,0,0,0,1,0,0,0,0,1,1,0,0,0,1,TUFTS ,Pollinator,42.40291,-71.11603,325861.6082,4696681.372,2
20,0,1,1,0,0,0,1,0,1,1,0,0,0,1,0,0,TUFTS ,Pollinator,42.40328,-71.11609,325857.694,4696722.581,2
21,0,0,1,0,0,0,0,0,0,1,1,1,0,0,1,0,MAGOUN SQUARE,Pollinator,42.39401,-71.09845,327283.9945,4695657.186,8
22,0,0,0,0,0,0,0,0,0,0,0,1,0,0,0,0,SPRING HILL,Conventional,42.39153,-71.11652,325789.7925,4695418.701,2
23,0,0,0,0,0,0,0,1,0,1,1,0,0,0,0,0,POWDER HOUSE SQUARE,Pollinator,42.38801,-71.10553,326684.7262,4695005.347,5
26,0,0,0,0,0,0,0,0,0,1,0,1,0,0,0,0,SPRING HILL,Pollinator,42.38403,-71.10668,326579.1014,4694565.741,5
27,0,0,0,0,0,0,0,0,0,0,0,0,0,0,0,0,SPRING HILL,Pollinator,42.39286,-71.11695,325758.0785,4695567.27,2
28,0,0,0,0,0,0,0,0,0,0,0,0,0,0,0,0,PROPSECT HILL,Conventional,42.38183,-71.09461,327566.7164,4694296.878,9
29,0,0,1,1,0,0,0,0,0,0,0,0,0,0,0,0,WEST SOMERVILLE,Pollinator,42.40844,-71.12884,324822.7602,4697321.791,1
32,1,1,0,0,0,0,0,0,1,0,1,1,0,1,0,0,EAST SOMERVILLE,Pollinator,42.385914,-71.0903236,327930.7555,4694741.687,10
33,0,0,0,1,0,0,0,0,0,0,0,0,0,0,0,1,TEN HILLS,Conventional,42.39389,-71.0896,328012.1088,4695625.903,9
34,0,0,0,0,0,0,0,0,0,0,0,0,0,0,0,0,WARD HILL,Conventional,42.37592,-71.10206,326937.1532,4693655.76,7
35,1,0,0,0,0,0,1,0,1,0,0,0,1,0,1,0,POWDER HOUSE SQUARE,Pollinator,42.39105,-71.11245,326123.4817,4695357.06,3
36,0,0,0,0,0,0,1,1,0,1,0,0,1,0,0,0,POWDER HOUSE SQUARE,Pollinator,42.39085,-71.11213,326149.27,4695334.197,4
37,0,0,1,0,0,0,0,0,0,0,0,0,1,0,0,0,SPRING HILL,Conventional,42.39257,-71.1194,325555.6119,4695540.097,2
39,0,0,0,0,0,0,0,0,0,0,0,1,1,0,1,0,WEST SOMERVILLE,Pollinator,42.40408,-71.13095,324636.9769,4696841.995,1
40,1,1,1,0,0,0,0,0,0,0,0,0,0,1,0,0,WEST SOMERVILLE,Conventional,42.40362,-71.13084,324644.7479,4696790.687,1
41,0,1,1,0,0,0,0,0,0,1,0,1,0,0,0,0,MAGOUN SQUARE,Conventional,42.39665,-71.10475,326772.7064,4695963.171,6
42,1,0,1,0,0,0,0,0,1,0,0,1,1,0,1,0,MAGOUN SQUARE,Pollinator,42.39349,-71.10292,326914.6398,4695608.543,6
43,0,0,1,0,0,0,0,1,1,1,0,0,1,1,0,1,SPRING HILL,Pollinator,42.38431,-71.10375,326821.0776,4694590.856,6
44,0,0,0,0,0,0,0,0,0,0,0,0,0,0,1,0,DAVIS SQUARE,Conventional,42.39792,-71.11941,325569.6124,4696134.2,2
45,0,0,1,0,0,0,0,0,0,0,1,0,0,1,1,0,SPRING HILL,Conventional,42.3905,-71.1164,325796.8205,4695304.08,3
47,0,0,0,0,0,0,0,0,0,0,0,0,0,0,0,0,PROPSECT HILL,Pollinator,42.38542,-71.09548,327504.9254,4694697.289,8
48,0,0,1,0,0,0,0,0,0,1,1,0,0,1,1,0,POWDER HOUSE SQUARE,Conventional,42.39579,-71.11272,326114.3485,4695883.959,4
49,1,0,1,1,0,0,0,0,0,0,0,1,1,1,0,0,POWDER HOUSE SQUARE,Pollinator,42.39606,-71.11315,326079.7021,4695914.821,3
50,0,0,0,1,0,0,0,0,0,0,0,0,1,0,0,0,WEST SOMERVILLE,Pollinator,42.40806,-71.12724,324953.3689,4697276.294,1
51,0,0,0,0,0,0,0,0,0,1,0,1,1,0,1,0,MAGOUN SQUARE,Pollinator,42.39721,-71.10549,326713.3411,4696026.865,5
52,0,0,0,0,0,0,0,0,0,0,0,0,0,0,0,0,SPRING HILL,Conventional,42.38783,-71.11649,325782.0253,4695007.778,3
54,1,0,0,0,0,0,0,0,0,0,0,0,0,0,0,0,POWDER HOUSE SQUARE,Conventional,42.3987032,-71.1125457,326136.7407,4696207.094,4
55,0,0,0,0,0,0,0,0,0,0,0,0,0,0,0,0,SPRING HILL,Conventional,42.3832,-71.11093,326226.9387,4694482.26,5
56,0,0,1,0,0,0,0,0,1,1,0,1,0,0,0,0,WARD HILL,Pollinator,42.38059,-71.10064,327066.8874,4694171.44,7
57,0,0,1,0,0,0,0,0,0,0,0,0,0,0,0,0,POWDER HOUSE SQUARE,Conventional,42.39362,-71.11171,326191.4885,4695640.928,5
58,0,1,0,0,0,0,1,0,0,1,0,1,1,1,0,0,POWDER HOUSE SQUARE,Conventional,42.3979,-71.11735,325739.105,4696127.75,2
59,0,0,0,0,0,0,0,0,0,0,0,0,1,0,0,0,SPRING HILL,Conventional,42.38881,-71.11402,325988.059,4695111.538,4
60,0,0,0,0,0,0,0,0,0,0,1,0,0,0,0,0,PROPSECT HILL,Conventional,42.37793,-71.09243,327735.5215,4693859.387,9
61,0,0,0,0,0,0,0,0,0,0,0,0,0,0,0,0,POWDER HOUSE SQUARE,Conventional,42.39854,-71.11451,325974.6201,4696192.995,4
63,1,1,0,0,0,0,0,0,0,1,0,0,1,0,0,0,MAGOUN SQUARE,Pollinator,42.39518,-71.10477,326767.0154,4695799.978,5
65,0,0,1,0,0,0,0,0,0,0,0,1,0,0,0,0,PROPSECT HILL,Pollinator,42.37818,-71.09048,327896.7497,4693883.196,10
66,0,0,1,0,1,0,1,0,1,1,1,1,0,0,0,0,WINTER HILL,Pollinator,42.39064,-71.09509,327551.3259,4695276.143,9
67,1,0,0,0,1,0,0,0,0,1,1,1,0,1,1,0,WINTER HILL,Pollinator,42.3904,-71.09569,327501.2799,4695250.711,8
68,1,0,0,0,0,0,0,0,0,0,0,0,1,1,0,0,WINTER HILL,Conventional,42.38993,-71.09821,327292.558,4695203.641,8
69,1,1,0,0,0,0,0,0,0,0,0,0,0,0,0,0,WEST SOMERVILLE,Conventional,42.4021,-71.12747,324917.8621,4696614.948,1
70,0,0,1,0,1,0,0,0,0,0,1,1,0,0,1,0,DAVIS SQUARE,Pollinator,42.39787,-71.12045,325483.8767,4696130.784,1
71,1,0,0,0,0,0,0,0,1,1,0,1,1,1,1,0,POWDER HOUSE SQUARE,Pollinator,42.39472,-71.11281,326103.9853,4695765.327,3
72,0,0,0,0,0,0,0,0,0,0,0,0,0,0,0,0,EAST SOMERVILLE,Conventional,42.38175,-71.08755,328147.7181,4694273.689,10
73,0,0,0,0,0,0,0,0,0,0,0,0,0,0,0,0,SPRING HILL,Conventional,42.38745,-71.11588,325831.1884,4694964.331,3
75,0,0,0,0,0,0,0,0,0,0,0,0,1,1,0,0,EAST SOMERVILLE,Conventional,42.38225,-71.08197,328608.4568,4694317.939,10
77,1,1,0,0,0,0,1,0,0,0,1,1,1,0,0,0,MAGOUN SQUARE,Conventional,42.39506,-71.10552,326704.9538,4695788.182,6
78,0,0,1,0,0,0,0,0,0,0,1,1,0,0,0,0,WEST SOMERVILLE,Pollinator,42.40175,-71.12829,324849.4026,4696577.773,1
79,0,0,1,0,0,0,0,0,0,1,0,0,0,0,1,1,PROPSECT HILL,Pollinator,42.37726,-71.09646,327401.8923,4693793.167,8
80,0,0,0,0,0,0,0,0,1,0,1,0,0,0,1,1,WARD HILL,Pollinator,42.37492,-71.0994,327153.4169,4693539.303,7
81,0,1,0,0,0,0,0,0,0,0,0,1,1,0,0,0,WINTER HILL,Conventional,42.39197,-71.09467,327589.5397,4695422.978,8
82,0,1,0,1,0,0,0,0,0,0,0,0,0,0,0,0,SPRING HILL,Pollinator,42.38399,-71.10333,326854.7733,4694554.466,6
83,0,0,0,0,0,0,0,0,0,0,0,1,0,0,0,0,MAGOUN SQUARE,Conventional,42.39421,-71.10363,326858.1793,4695689.941,6
85,0,0,0,0,1,0,0,1,0,0,1,0,0,0,1,0,MAGOUN SQUARE,Pollinator,42.39549,-71.10228,326972.8152,4695829.325,6
86,1,1,1,0,0,0,0,0,1,0,0,0,0,0,0,1,WINTER HILL,Pollinator,42.38754,-71.09434,327604.5749,4694930.387,9
87,0,0,1,1,0,0,0,0,0,0,0,1,1,0,0,0,EAST SOMERVILLE,Pollinator,42.3849846,-71.0847118,328390.1887,4694627.132,10
88,0,0,0,0,0,0,0,0,1,0,0,1,1,0,0,0,EAST SOMERVILLE,Pollinator,42.3848537,-71.0856981,328308.6381,4694614.59,10
89,1,0,0,0,0,0,0,0,0,0,0,0,0,0,1,0,POWDER HOUSE SQUARE,Conventional,42.39737,-71.11132,326233.9403,4696056.543,5
91,0,1,0,0,0,0,0,0,0,0,0,0,0,0,0,0,WEST SOMERVILLE,Conventional,42.40459,-71.12444,325174.146,4696885.204,1
92,0,0,1,0,0,0,0,0,0,1,0,0,0,0,0,0,PROPSECT HILL,Pollinator,42.38485,-71.0986,327246.52,4694640.334,7
94,0,0,0,0,0,1,0,0,0,0,0,0,0,0,0,0,POWDER HOUSE SQUARE,Conventional,42.39287,-71.10721,326559.8195,4695548.447,5
95,0,0,1,0,0,0,1,1,1,0,1,0,0,0,1,0,POWDER HOUSE SQUARE,Pollinator,42.39252,-71.10701,326575.3177,4695509.173,4
96,0,0,0,0,0,0,1,0,0,1,0,1,0,1,0,0,PROPSECT HILL,Pollinator,42.38149,-71.09152,327820.1736,4694252.856,9
97,1,0,0,0,0,0,1,0,1,1,0,1,0,0,0,0,PROPSECT HILL,Pollinator,42.38117,-71.09214,327768.2564,4694218.579,9
98,0,0,0,0,0,0,0,0,0,0,0,0,1,0,0,1,TEN HILLS,Conventional,42.39736,-71.08709,328228.1748,4696006.144,10
99,0,0,0,0,0,0,0,0,0,0,0,0,0,0,0,0,WARD HILL,Conventional,42.37825,-71.10303,326863.6934,4693916.467,7
100,0,0,0,0,0,0,0,0,0,0,0,0,0,0,0,0,EAST SOMERVILLE,Conventional,42.38746,-71.08576,328310.6478,4694904.127,10
101,0,0,0,1,0,0,0,0,1,1,0,0,0,0,1,0,SPRING HILL,Conventional,42.38986,-71.11528,325887.2432,4695230.716,3
102,1,1,1,0,1,0,1,0,0,1,0,1,0,0,0,0,WINTER HILL,Pollinator,42.39157,-71.09524,327541.526,4695379.718,8
103,0,0,1,0,0,0,0,0,0,0,0,0,0,0,0,0,SPRING HILL,Pollinator,42.3844798,-71.1000029,327130.0146,4694602.08,7
104,1,1,0,0,0,0,0,0,0,0,1,0,1,0,0,1,SPRING HILL,Pollinator,42.3929,-71.11881,325605.0899,4695575.529,2
105,0,0,1,0,0,0,0,0,0,0,0,0,0,0,1,1,WEST SOMERVILLE,Conventional,42.4107391,-71.129697,324758.6397,4697578.86,1
106,1,0,0,0,0,0,0,0,1,0,0,0,0,0,0,0,SPRING HILL,Pollinator,42.39111,-71.11414,325984.5372,4695367.184,3
109,0,0,0,0,0,0,0,0,0,0,0,1,1,1,0,1,WEST SOMERVILLE,Conventional,42.40546,-71.1246,325163.3955,4696982.142,1
110,0,0,0,0,0,0,0,0,0,0,0,0,1,0,0,1,TEN HILLS,Conventional,42.3985717,-71.0875587,328192.9052,4696141.643,9
112,0,0,0,0,0,0,0,0,0,0,0,1,0,0,1,1,WINTER HILL,Pollinator,42.39029,-71.09171,327828.5911,4695230.422,9
113,1,1,0,0,0,0,0,0,0,0,0,1,1,0,0,0,WINTER HILL,Conventional,42.38765,-71.0928,327731.646,4694939.477,9
114,0,0,0,0,0,0,0,0,0,0,1,1,1,0,0,0,PROPSECT HILL,Conventional,42.37882,-71.09592,327450.6245,4693965.298,8
115,1,1,0,0,0,0,0,0,0,0,0,0,0,0,1,0,POWDER HOUSE SQUARE,Conventional,42.39953,-71.11342,326067.067,4696300.695,4
116,0,0,0,0,0,0,0,0,0,0,0,0,0,0,0,1,SPRING HILL,Conventional,42.39319,-71.11575,325857.765,4695601.454,3
117,0,1,0,0,0,0,0,0,0,0,0,0,1,1,0,0,DAVIS SQUARE,Conventional,42.39634,-71.11936,325569.3498,4695958.649,2
118,0,0,0,0,0,0,0,0,0,0,0,1,1,1,0,1,EAST SOMERVILLE,Pollinator,42.38856,-71.08455,328413.2503,4695023.829,10
119,0,0,0,0,0,0,0,0,0,0,0,1,0,0,0,1,EAST SOMERVILLE,Conventional,42.38829,-71.08424,328438.0329,4694993.222,10
